DATAFLOW,REF_AREA,FREQ,METHODOLOGY,MEASURE,UNIT_MEASURE,EXPENDITURE,ADJUSTMENT,TRANSFORMATION,TIME_PERIOD,OBS_VALUE,OBS_STATUS,UNIT_MULT,BASE_PER,DURABILITY,DECIMALS
OECD.SDD.TPS:DSD_PRICES_COICOP2018@DF_PRICES_C2018_ALL(1.0),JPN,M,N,CPI,IX,CP01,N,_Z,2019-10,105.5805,A,,2015,,2
OECD.SDD.TPS:DSD_PRICES_COICOP2018@DF_PRICES_C2018_ALL(1.0),JPN,M,N,CPI,IX,CP01,N,_Z,2019-09,105.7921,A,,2015,,2
OECD.SDD.TPS:DSD_PRICES_COICOP2018@DF_PRICES_C2018_ALL(1.0),JPN,M,N,CPI,IX,_T,N,_Z,2022-07,104.1694,A,,2015,,2
OECD.SDD.TPS:DSD_PRICES_COICOP2018@DF_PRICES_C2018_ALL(1.0),JPN,M,N,CPI,IX,_T,N,_Z,2022-06,103.7136,A,,2015,,2
OECD.SDD.TPS:DSD_PRICES_COICOP2018@DF_PRICES_C2018_ALL(1.0),JPN,M,N,CPI,IX,CP01,N,_Z,2024-01,123.8191,A,,2015,,2
OECD.SDD.TPS:DSD_PRICES_COICOP2018@DF_PRICES_C2018_ALL(1.0),JPN,M,N,CPI,IX,CP01,N,_Z,2023-12,123.1403,A,,2015,,2
OECD.SDD.TPS:DSD_PRICES_COICOP2018@DF_PRICES_C2018_ALL(1.0),JPN,M,N,CPI,IX,CP01,N,_Z,2023-11,123.6833,A,,2015,,2
OECD.SDD.TPS:DSD_PRICES_COICOP2018@DF_PRICES_C2018_ALL(1.0),JPN,M,N,CPI,IX,_T,N,_Z,2026-07,116.2504,A,,2015,,2
OECD.SDD.TPS:DSD_PRICES_COICOP2018@DF_PRICES_C2018_ALL(1.0),JPN,M,N,CPI,IX,CP01,N,_Z,2026-07,140.5184,A,,2015,,2
OECD.SDD.TPS:DSD_PRICES_COICOP2018@DF_PRICES_C2018_ALL(1.0),JPN,M,N,CPI,IX,CP11,N,_Z,2015-10,100.9769,A,,2015,,2
OECD.SDD.TPS:DSD_PRICES_COICOP2018@DF_PRICES_C2018_ALL(1.0),JPN,M,N,CPI,IX,CP11,N,_Z,2015-09,100.3599,A,,2015,,2
OECD.SDD.TPS:DSD_PRICES_COICOP2018@DF_PRICES_C2018_ALL(1.0),JPN,M,N,CPI,IX,CP11,N,_Z,2015-08,101.9023,A,,2015,,2
OECD.SDD.TPS:DSD_PRICES_COICOP2018@DF_PRICES_C2018_ALL(1.0),JPN,M,N,CPI,IX,CP11,N,_Z,2015-07,100.2571,A,,2015,,2
OECD.SDD.TPS:DSD_PRICES_COICOP2018@DF_PRICES_C2018_ALL(1.0),JPN,M,N,CPI,IX,CP11,N,_Z,2015-06,99.64011,A,,2015,,2
OECD.SDD.TPS:DSD_PRICES_COICOP2018@DF_PRICES_C2018_ALL(1.0),JPN,M,N,CPI,IX,CP11,N,_Z,2015-05,99.12596,A,,2015,,2
OECD.SDD.TPS:DSD_PRICES_COICOP2018@DF_PRICES_C2018_ALL(1.0),JPN,M,N,CPI,IX,CP11,N,_Z,2015-04,99.53728,A,,2015,,2
OECD.SDD.TPS:DSD_PRICES_COICOP2018@DF_PRICES_C2018_ALL(1.0),JPN,M,N,CPI,IX,_T,N,_Z,2022-10,105.5371,A,,2015,,2
OECD.SDD.TPS:DSD_PRICES_COICOP2018@DF_PRICES_C2018_ALL(1.0),JPN,M,N,CPI,IX,_T,N,_Z,2022-09,104.9672,A,,2015,,2
OECD.SDD.TPS:DSD_PRICES_COICOP2018@DF_PRICES_C2018_ALL(1.0),JPN,M,N,CPI,IX,_T,N,_Z,2022-08,104.5114,A,,2015,,2
OECD.SDD.TPS:DSD_PRICES_COICOP2018@DF_PRICES_C2018_ALL(1.0),JPN,M,N,CPI,IX,CP11,N,_Z,2014-07,98.30334,A,,2015,,2
OECD.SDD.TPS:DSD_PRICES_COICOP2018@DF_PRICES_C2018_ALL(1.0),JPN,M,N,CPI,IX,CP11,N,_Z,2014-06,97.58355,A,,2015,,2
OECD.SDD.TPS:DSD_PRICES_COICOP2018@DF_PRICES_C2018_ALL(1.0),JPN,M,N,CPI,IX,CP11,N,_Z,2014-05,97.37789,A,,2015,,2
OECD.SDD.TPS:DSD_PRICES_COICOP2018@DF_PRICES_C2018_ALL(1.0),JPN,M,N,CPI,IX,CP11,N,_Z,2019-02,103.6504,A,,2015,,2
OECD.SDD.TPS:DSD_PRICES_COICOP2018@DF_PRICES_C2018_ALL(1.0),JPN,M,N,CPI,IX,CP11,N,_Z,2019-01,103.1362,A,,2015,,2
OECD.SDD.TPS:DSD_PRICES_COICOP2018@DF_PRICES_C2018_ALL(1.0),JPN,M,N,CPI,IX,CP11,N,_Z,2018-12,102.8278,A,,2015,,2
OECD.SDD.TPS:DSD_PRICES_COICOP2018@DF_PRICES_C2018_ALL(1.0),JPN,M,N,CPI,IX,CP11,N,_Z,2018-11,103.4447,A,,2015,,2
OECD.SDD.TPS:DSD_PRICES_COICOP2018@DF_PRICES_C2018_ALL(1.0),JPN,M,N,CPI,IX,CP11,N,_Z,2018-10,103.0334,A,,2015,,2
OECD.SDD.TPS:DSD_PRICES_COICOP2018@DF_PRICES_C2018_ALL(1.0),JPN,M,N,CPI,IX,CP11,N,_Z,2018-09,102.5193,A,,2015,,2
OECD.SDD.TPS:DSD_PRICES_COICOP2018@DF_PRICES_C2018_ALL(1.0),JPN,M,N,CPI,IX,CP11,N,_Z,2018-08,105.8098,A,,2015,,2
OECD.SDD.TPS:DSD_PRICES_COICOP2018@DF_PRICES_C2018_ALL(1.0),JPN,M,N,CPI,IX,CP11,N,_Z,2018-07,102.5193,A,,2015,,2
OECD.SDD.TPS:DSD_PRICES_COICOP2018@DF_PRICES_C2018_ALL(1.0),JPN,M,N,CPI,IX,CP11,N,_Z,2018-06,102.3136,A,,2015,,2
OECD.SDD.TPS:DSD_PRICES_COICOP2018@DF_PRICES_C2018_ALL(1.0),JPN,M,N,CPI,IX,CP11,N,_Z,2018-05,101.9023,A,,2015,,2
OECD.SDD.TPS:DSD_PRICES_COICOP2018@DF_PRICES_C2018_ALL(1.0),JPN,M,N,CPI,IX,CP11,N,_Z,2018-04,101.9023,A,,2015,,2
OECD.SDD.TPS:DSD_PRICES_COICOP2018@DF_PRICES_C2018_ALL(1.0),JPN,M,N,CPI,IX,CP11,N,_Z,2018-03,101.6967,A,,2015,,2
OECD.SDD.TPS:DSD_PRICES_COICOP2018@DF_PRICES_C2018_ALL(1.0),JPN,M,N,CPI,IX,CP11,N,_Z,2018-02,102.2108,A,,2015,,2
OECD.SDD.TPS:DSD_PRICES_COICOP2018@DF_PRICES_C2018_ALL(1.0),JPN,M,N,CPI,IX,CP11,N,_Z,2018-01,101.1825,A,,2015,,2
OECD.SDD.TPS:DSD_PRICES_COICOP2018@DF_PRICES_C2018_ALL(1.0),JPN,M,N,CPI,IX,CP11,N,_Z,2017-12,101.5938,A,,2015,,2
OECD.SDD.TPS:DSD_PRICES_COICOP2018@DF_PRICES_C2018_ALL(1.0),JPN,M,N,CPI,IX,CP11,N,_Z,2017-11,102.3136,A,,2015,,2
OECD.SDD.TPS:DSD_PRICES_COICOP2018@DF_PRICES_C2018_ALL(1.0),JPN,M,N,CPI,IX,CP11,N,_Z,2017-10,102.3136,A,,2015,,2
OECD.SDD.TPS:DSD_PRICES_COICOP2018@DF_PRICES_C2018_ALL(1.0),JPN,M,N,CPI,IX,CP11,N,_Z,2017-09,101.5938,A,,2015,,2
OECD.SDD.TPS:DSD_PRICES_COICOP2018@DF_PRICES_C2018_ALL(1.0),JPN,M,N,CPI,IX,CP11,N,_Z,2014-04,98.09769,A,,2015,,2
OECD.SDD.TPS:DSD_PRICES_COICOP2018@DF_PRICES_C2018_ALL(1.0),JPN,M,N,CPI,IX,CP11,N,_Z,2014-03,95.11568,A,,2015,,2
OECD.SDD.TPS:DSD_PRICES_COICOP2018@DF_PRICES_C2018_ALL(1.0),JPN,M,N,CPI,IX,CP11,N,_Z,2014-02,94.8072,A,,2015,,2
OECD.SDD.TPS:DSD_PRICES_COICOP2018@DF_PRICES_C2018_ALL(1.0),JPN,M,N,CPI,IX,CP11,N,_Z,2014-01,94.60154,A,,2015,,2
OECD.SDD.TPS:DSD_PRICES_COICOP2018@DF_PRICES_C2018_ALL(1.0),JPN,M,N,CPI,IX,CP11,N,_Z,2016-05,100.9769,A,,2015,,2
OECD.SDD.TPS:DSD_PRICES_COICOP2018@DF_PRICES_C2018_ALL(1.0),JPN,M,N,CPI,IX,CP11,N,_Z,2016-04,100.7712,A,,2015,,2
OECD.SDD.TPS:DSD_PRICES_COICOP2018@DF_PRICES_C2018_ALL(1.0),JPN,M,N,CPI,IX,CP11,N,_Z,2016-03,100.4627,A,,2015,,2
OECD.SDD.TPS:DSD_PRICES_COICOP2018@DF_PRICES_C2018_ALL(1.0),JPN,M,N,CPI,IX,CP11,N,_Z,2016-02,100.4627,A,,2015,,2
OECD.SDD.TPS:DSD_PRICES_COICOP2018@DF_PRICES_C2018_ALL(1.0),JPN,M,N,CPI,IX,CP11,N,_Z,2016-01,99.74293,A,,2015,,2
OECD.SDD.TPS:DSD_PRICES_COICOP2018@DF_PRICES_C2018_ALL(1.0),JPN,M,N,CPI,IX,CP11,N,_Z,2015-12,100.4627,A,,2015,,2
OECD.SDD.TPS:DSD_PRICES_COICOP2018@DF_PRICES_C2018_ALL(1.0),JPN,M,N,CPI,IX,CP11,N,_Z,2015-11,101.0797,A,,2015,,2
OECD.SDD.TPS:DSD_PRICES_COICOP2018@DF_PRICES_C2018_ALL(1.0),JPN,M,N,CPI,IX,CP11,N,_Z,2026-02,128.6369,A,,2015,,2
OECD.SDD.TPS:DSD_PRICES_COICOP2018@DF_PRICES_C2018_ALL(1.0),JPN,M,N,CPI,IX,CP11,N,_Z,2026-01,127.494,A,,2015,,2
OECD.SDD.TPS:DSD_PRICES_COICOP2018@DF_PRICES_C2018_ALL(1.0),JPN,M,N,CPI,IX,CP11,N,_Z,2025-12,128.7639,A,,2015,,2
OECD.SDD.TPS:DSD_PRICES_COICOP2018@DF_PRICES_C2018_ALL(1.0),JPN,M,N,CPI,IX,CP11,N,_Z,2025-11,129.5258,A,,2015,,2
OECD.SDD.TPS:DSD_PRICES_COICOP2018@DF_PRICES_C2018_ALL(1.0),JPN,M,N,CPI,IX,CP11,N,_Z,2025-10,129.5258,A,,2015,,2
OECD.SDD.TPS:DSD_PRICES_COICOP2018@DF_PRICES_C2018_ALL(1.0),JPN,M,N,CPI,IX,CP11,N,_Z,2025-09,127.1131,A,,2015,,2
OECD.SDD.TPS:DSD_PRICES_COICOP2018@DF_PRICES_C2018_ALL(1.0),JPN,M,N,CPI,IX,CP11,N,_Z,2025-08,129.3988,A,,2015,,2
OECD.SDD.TPS:DSD_PRICES_COICOP2018@DF_PRICES_C2018_ALL(1.0),JPN,M,N,CPI,IX,CP11,N,_Z,2025-07,127.3671,A,,2015,,2
OECD.SDD.TPS:DSD_PRICES_COICOP2018@DF_PRICES_C2018_ALL(1.0),JPN,M,N,CPI,IX,CP11,N,_Z,2025-06,125.7162,A,,2015,,2
OECD.SDD.TPS:DSD_PRICES_COICOP2018@DF_PRICES_C2018_ALL(1.0),JPN,M,N,CPI,IX,CP11,N,_Z,2025-05,126.9861,A,,2015,,2
OECD.SDD.TPS:DSD_PRICES_COICOP2018@DF_PRICES_C2018_ALL(1.0),JPN,M,N,CPI,IX,CP11,N,_Z,2025-04,126.4781,A,,2015,,2
OECD.SDD.TPS:DSD_PRICES_COICOP2018@DF_PRICES_C2018_ALL(1.0),JPN,M,N,CPI,IX,CP11,N,_Z,2025-03,125.4623,A,,2015,,2
OECD.SDD.TPS:DSD_PRICES_COICOP2018@DF_PRICES_C2018_ALL(1.0),JPN,M,N,CPI,IX,CP11,N,_Z,2025-02,124.3194,A,,2015,,2
OECD.SDD.TPS:DSD_PRICES_COICOP2018@DF_PRICES_C2018_ALL(1.0),JPN,M,N,CPI,IX,CP11,N,_Z,2025-01,123.1765,A,,2015,,2
OECD.SDD.TPS:DSD_PRICES_COICOP2018@DF_PRICES_C2018_ALL(1.0),JPN,M,N,CPI,IX,CP11,N,_Z,2024-12,123.3035,A,,2015,,2
OECD.SDD.TPS:DSD_PRICES_COICOP2018@DF_PRICES_C2018_ALL(1.0),JPN,M,N,CPI,IX,CP11,N,_Z,2024-11,123.5575,A,,2015,,2
OECD.SDD.TPS:DSD_PRICES_COICOP2018@DF_PRICES_C2018_ALL(1.0),JPN,M,N,CPI,IX,CP11,N,_Z,2024-10,123.1765,A,,2015,,2
OECD.SDD.TPS:DSD_PRICES_COICOP2018@DF_PRICES_C2018_ALL(1.0),JPN,M,N,CPI,IX,CP11,N,_Z,2024-09,121.9066,A,,2015,,2
OECD.SDD.TPS:DSD_PRICES_COICOP2018@DF_PRICES_C2018_ALL(1.0),JPN,M,N,CPI,IX,CP11,N,_Z,2024-08,124.5734,A,,2015,,2
OECD.SDD.TPS:DSD_PRICES_COICOP2018@DF_PRICES_C2018_ALL(1.0),JPN,M,N,CPI,IX,CP11,N,_Z,2024-07,121.7797,A,,2015,,2
OECD.SDD.TPS:DSD_PRICES_COICOP2018@DF_PRICES_C2018_ALL(1.0),JPN,M,N,CPI,IX,CP11,N,_Z,2024-06,119.8749,A,,2015,,2
OECD.SDD.TPS:DSD_PRICES_COICOP2018@DF_PRICES_C2018_ALL(1.0),JPN,M,N,CPI,IX,CP11,N,_Z,2024-05,120.7638,A,,2015,,2
OECD.SDD.TPS:DSD_PRICES_COICOP2018@DF_PRICES_C2018_ALL(1.0),JPN,M,N,CPI,IX,CP11,N,_Z,2024-04,120.6368,A,,2015,,2
OECD.SDD.TPS:DSD_PRICES_COICOP2018@DF_PRICES_C2018_ALL(1.0),JPN,M,N,CPI,IX,CP11,N,_Z,2024-03,119.8749,A,,2015,,2
OECD.SDD.TPS:DSD_PRICES_COICOP2018@DF_PRICES_C2018_ALL(1.0),JPN,M,N,CPI,IX,CP11,N,_Z,2024-02,119.4939,A,,2015,,2
OECD.SDD.TPS:DSD_PRICES_COICOP2018@DF_PRICES_C2018_ALL(1.0),JPN,M,N,CPI,IX,CP11,N,_Z,2024-01,118.2241,A,,2015,,2
OECD.SDD.TPS:DSD_PRICES_COICOP2018@DF_PRICES_C2018_ALL(1.0),JPN,M,N,CPI,IX,CP11,N,_Z,2023-12,119.3669,A,,2015,,2
OECD.SDD.TPS:DSD_PRICES_COICOP2018@DF_PRICES_C2018_ALL(1.0),JPN,M,N,CPI,IX,CP11,N,_Z,2023-11,119.3669,A,,2015,,2
OECD.SDD.TPS:DSD_PRICES_COICOP2018@DF_PRICES_C2018_ALL(1.0),JPN,M,N,CPI,IX,CP11,N,_Z,2023-10,118.732,A,,2015,,2
OECD.SDD.TPS:DSD_PRICES_COICOP2018@DF_PRICES_C2018_ALL(1.0),JPN,M,N,CPI,IX,CP11,N,_Z,2023-09,117.8431,A,,2015,,2
OECD.SDD.TPS:DSD_PRICES_COICOP2018@DF_PRICES_C2018_ALL(1.0),JPN,M,N,CPI,IX,CP11,N,_Z,2023-08,119.8749,A,,2015,,2
OECD.SDD.TPS:DSD_PRICES_COICOP2018@DF_PRICES_C2018_ALL(1.0),JPN,M,N,CPI,IX,CP11,N,_Z,2023-07,117.3352,A,,2015,,2
OECD.SDD.TPS:DSD_PRICES_COICOP2018@DF_PRICES_C2018_ALL(1.0),JPN,M,N,CPI,IX,CP11,N,_Z,2023-06,114.1605,A,,2015,,2
OECD.SDD.TPS:DSD_PRICES_COICOP2018@DF_PRICES_C2018_ALL(1.0),JPN,M,N,CPI,IX,CP11,N,_Z,2023-05,115.8113,A,,2015,,2
OECD.SDD.TPS:DSD_PRICES_COICOP2018@DF_PRICES_C2018_ALL(1.0),JPN,M,N,CPI,IX,CP11,N,_Z,2023-04,114.7954,A,,2015,,2
OECD.SDD.TPS:DSD_PRICES_COICOP2018@DF_PRICES_C2018_ALL(1.0),JPN,M,N,CPI,IX,CP11,N,_Z,2023-03,112.5097,A,,2015,,2
OECD.SDD.TPS:DSD_PRICES_COICOP2018@DF_PRICES_C2018_ALL(1.0),JPN,M,N,CPI,IX,CP11,N,_Z,2023-02,110.9858,A,,2015,,2
OECD.SDD.TPS:DSD_PRICES_COICOP2018@DF_PRICES_C2018_ALL(1.0),JPN,M,N,CPI,IX,CP11,N,_Z,2023-01,110.4779,A,,2015,,2
OECD.SDD.TPS:DSD_PRICES_COICOP2018@DF_PRICES_C2018_ALL(1.0),JPN,M,N,CPI,IX,CP11,N,_Z,2015-03,99.22879,A,,2015,,2
OECD.SDD.TPS:DSD_PRICES_COICOP2018@DF_PRICES_C2018_ALL(1.0),JPN,M,N,CPI,IX,CP11,N,_Z,2015-02,99.02314,A,,2015,,2
OECD.SDD.TPS:DSD_PRICES_COICOP2018@DF_PRICES_C2018_ALL(1.0),JPN,M,N,CPI,IX,CP11,N,_Z,2015-01,98.40617,A,,2015,,2
OECD.SDD.TPS:DSD_PRICES_COICOP2018@DF_PRICES_C2018_ALL(1.0),JPN,M,N,CPI,IX,CP11,N,_Z,2014-12,98.71465,A,,2015,,2
OECD.SDD.TPS:DSD_PRICES_COICOP2018@DF_PRICES_C2018_ALL(1.0),JPN,M,N,CPI,IX,CP11,N,_Z,2014-11,98.81748,A,,2015,,2
OECD.SDD.TPS:DSD_PRICES_COICOP2018@DF_PRICES_C2018_ALL(1.0),JPN,M,N,CPI,IX,CP11,N,_Z,2014-10,99.22879,A,,2015,,2
OECD.SDD.TPS:DSD_PRICES_COICOP2018@DF_PRICES_C2018_ALL(1.0),JPN,M,N,CPI,IX,CP11,N,_Z,2014-09,98.61182,A,,2015,,2
OECD.SDD.TPS:DSD_PRICES_COICOP2018@DF_PRICES_C2018_ALL(1.0),JPN,M,N,CPI,IX,CP11,N,_Z,2014-08,100.1542,A,,2015,,2
OECD.SDD.TPS:DSD_PRICES_COICOP2018@DF_PRICES_C2018_ALL(1.0),JPN,M,N,CPI,IX,CP11,N,_Z,2020-07,103.3667,A,,2015,,2
OECD.SDD.TPS:DSD_PRICES_COICOP2018@DF_PRICES_C2018_ALL(1.0),JPN,M,N,CPI,IX,CP11,N,_Z,2020-06,104.3826,A,,2015,,2
OECD.SDD.TPS:DSD_PRICES_COICOP2018@DF_PRICES_C2018_ALL(1.0),JPN,M,N,CPI,IX,CP11,N,_Z,2020-05,105.7794,A,,2015,,2
OECD.SDD.TPS:DSD_PRICES_COICOP2018@DF_PRICES_C2018_ALL(1.0),JPN,M,N,CPI,IX,CP11,N,_Z,2020-04,105.6524,A,,2015,,2
OECD.SDD.TPS:DSD_PRICES_COICOP2018@DF_PRICES_C2018_ALL(1.0),JPN,M,N,CPI,IX,CP11,N,_Z,2020-03,105.7794,A,,2015,,2
OECD.SDD.TPS:DSD_PRICES_COICOP2018@DF_PRICES_C2018_ALL(1.0),JPN,M,N,CPI,IX,CP11,N,_Z,2020-02,105.7794,A,,2015,,2
OECD.SDD.TPS:DSD_PRICES_COICOP2018@DF_PRICES_C2018_ALL(1.0),JPN,M,N,CPI,IX,CP11,N,_Z,2020-01,105.3985,A,,2015,,2
OECD.SDD.TPS:DSD_PRICES_COICOP2018@DF_PRICES_C2018_ALL(1.0),JPN,M,N,CPI,IX,CP11,N,_Z,2019-12,106.2211,A,,2015,,2
OECD.SDD.TPS:DSD_PRICES_COICOP2018@DF_PRICES_C2018_ALL(1.0),JPN,M,N,CPI,IX,CP11,N,_Z,2019-11,106.4267,A,,2015,,2
OECD.SDD.TPS:DSD_PRICES_COICOP2018@DF_PRICES_C2018_ALL(1.0),JPN,M,N,CPI,IX,CP11,N,_Z,2019-10,106.1183,A,,2015,,2
OECD.SDD.TPS:DSD_PRICES_COICOP2018@DF_PRICES_C2018_ALL(1.0),JPN,M,N,CPI,IX,CP11,N,_Z,2019-09,103.5476,A,,2015,,2
OECD.SDD.TPS:DSD_PRICES_COICOP2018@DF_PRICES_C2018_ALL(1.0),JPN,M,N,CPI,IX,CP11,N,_Z,2019-08,106.1183,A,,2015,,2
OECD.SDD.TPS:DSD_PRICES_COICOP2018@DF_PRICES_C2018_ALL(1.0),JPN,M,N,CPI,IX,CP11,N,_Z,2019-07,103.3419,A,,2015,,2
OECD.SDD.TPS:DSD_PRICES_COICOP2018@DF_PRICES_C2018_ALL(1.0),JPN,M,N,CPI,IX,CP11,N,_Z,2019-06,103.4447,A,,2015,,2
OECD.SDD.TPS:DSD_PRICES_COICOP2018@DF_PRICES_C2018_ALL(1.0),JPN,M,N,CPI,IX,CP11,N,_Z,2019-05,102.8278,A,,2015,,2
OECD.SDD.TPS:DSD_PRICES_COICOP2018@DF_PRICES_C2018_ALL(1.0),JPN,M,N,CPI,IX,CP11,N,_Z,2019-04,103.4447,A,,2015,,2
OECD.SDD.TPS:DSD_PRICES_COICOP2018@DF_PRICES_C2018_ALL(1.0),JPN,M,N,CPI,IX,CP11,N,_Z,2019-03,102.7249,A,,2015,,2
OECD.SDD.TPS:DSD_PRICES_COICOP2018@DF_PRICES_C2018_ALL(1.0),JPN,M,N,CPI,IX,CP045,N,_Z,2026-07,122.7569,A,,2015,,2
OECD.SDD.TPS:DSD_PRICES_COICOP2018@DF_PRICES_C2018_ALL(1.0),JPN,M,N,CPI,IX,CP045,N,_Z,2026-06,122.0507,A,,2015,,2
OECD.SDD.TPS:DSD_PRICES_COICOP2018@DF_PRICES_C2018_ALL(1.0),JPN,M,N,CPI,IX,CP045,N,_Z,2026-05,121.6976,A,,2015,,2
OECD.SDD.TPS:DSD_PRICES_COICOP2018@DF_PRICES_C2018_ALL(1.0),JPN,M,N,CPI,IX,CP045,N,_Z,2026-04,116.519,A,,2015,,2
OECD.SDD.TPS:DSD_PRICES_COICOP2018@DF_PRICES_C2018_ALL(1.0),JPN,M,N,CPI,IX,CP045,N,_Z,2026-03,107.1033,A,,2015,,2
OECD.SDD.TPS:DSD_PRICES_COICOP2018@DF_PRICES_C2018_ALL(1.0),JPN,M,N,CPI,IX,CP045,N,_Z,2026-02,106.044,A,,2015,,2
OECD.SDD.TPS:DSD_PRICES_COICOP2018@DF_PRICES_C2018_ALL(1.0),JPN,M,N,CPI,IX,CP045,N,_Z,2026-01,118.6375,A,,2015,,2
OECD.SDD.TPS:DSD_PRICES_COICOP2018@DF_PRICES_C2018_ALL(1.0),JPN,M,N,CPI,IX,CP045,N,_Z,2025-12,118.7552,A,,2015,,2
OECD.SDD.TPS:DSD_PRICES_COICOP2018@DF_PRICES_C2018_ALL(1.0),JPN,M,N,CPI,IX,CP045,N,_Z,2025-11,118.8729,A,,2015,,2
OECD.SDD.TPS:DSD_PRICES_COICOP2018@DF_PRICES_C2018_ALL(1.0),JPN,M,N,CPI,IX,CP045,N,_Z,2025-10,113.2235,A,,2015,,2
OECD.SDD.TPS:DSD_PRICES_COICOP2018@DF_PRICES_C2018_ALL(1.0),JPN,M,N,CPI,IX,CP045,N,_Z,2025-09,112.635,A,,2015,,2
OECD.SDD.TPS:DSD_PRICES_COICOP2018@DF_PRICES_C2018_ALL(1.0),JPN,M,N,CPI,IX,CP045,N,_Z,2025-08,114.5181,A,,2015,,2
OECD.SDD.TPS:DSD_PRICES_COICOP2018@DF_PRICES_C2018_ALL(1.0),JPN,M,N,CPI,IX,CP045,N,_Z,2025-07,121.1091,A,,2015,,2
OECD.SDD.TPS:DSD_PRICES_COICOP2018@DF_PRICES_C2018_ALL(1.0),JPN,M,N,CPI,IX,CP045,N,_Z,2025-06,122.4038,A,,2015,,2
OECD.SDD.TPS:DSD_PRICES_COICOP2018@DF_PRICES_C2018_ALL(1.0),JPN,M,N,CPI,IX,CP045,N,_Z,2025-05,123.1099,A,,2015,,2
OECD.SDD.TPS:DSD_PRICES_COICOP2018@DF_PRICES_C2018_ALL(1.0),JPN,M,N,CPI,IX,CP045,N,_Z,2025-04,118.7552,A,,2015,,2
OECD.SDD.TPS:DSD_PRICES_COICOP2018@DF_PRICES_C2018_ALL(1.0),JPN,M,N,CPI,IX,CP045,N,_Z,2025-03,114.4004,A,,2015,,2
OECD.SDD.TPS:DSD_PRICES_COICOP2018@DF_PRICES_C2018_ALL(1.0),JPN,M,N,CPI,IX,CP045,N,_Z,2025-02,113.9297,A,,2015,,2
OECD.SDD.TPS:DSD_PRICES_COICOP2018@DF_PRICES_C2018_ALL(1.0),JPN,M,N,CPI,IX,CP045,N,_Z,2025-01,120.756,A,,2015,,2
OECD.SDD.TPS:DSD_PRICES_COICOP2018@DF_PRICES_C2018_ALL(1.0),JPN,M,N,CPI,IX,CP045,N,_Z,2024-12,120.6383,A,,2015,,2
OECD.SDD.TPS:DSD_PRICES_COICOP2018@DF_PRICES_C2018_ALL(1.0),JPN,M,N,CPI,IX,CP045,N,_Z,2024-11,114.4004,A,,2015,,2
OECD.SDD.TPS:DSD_PRICES_COICOP2018@DF_PRICES_C2018_ALL(1.0),JPN,M,N,CPI,IX,CP045,N,_Z,2024-10,110.1634,A,,2015,,2
OECD.SDD.TPS:DSD_PRICES_COICOP2018@DF_PRICES_C2018_ALL(1.0),JPN,M,N,CPI,IX,CP045,N,_Z,2024-09,109.5749,A,,2015,,2
OECD.SDD.TPS:DSD_PRICES_COICOP2018@DF_PRICES_C2018_ALL(1.0),JPN,M,N,CPI,IX,CP045,N,_Z,2024-08,120.4029,A,,2015,,2
OECD.SDD.TPS:DSD_PRICES_COICOP2018@DF_PRICES_C2018_ALL(1.0),JPN,M,N,CPI,IX,CP045,N,_Z,2024-07,120.8737,A,,2015,,2
OECD.SDD.TPS:DSD_PRICES_COICOP2018@DF_PRICES_C2018_ALL(1.0),JPN,M,N,CPI,IX,CP045,N,_Z,2024-06,116.7544,A,,2015,,2
OECD.SDD.TPS:DSD_PRICES_COICOP2018@DF_PRICES_C2018_ALL(1.0),JPN,M,N,CPI,IX,CP045,N,_Z,2024-05,112.3996,A,,2015,,2
OECD.SDD.TPS:DSD_PRICES_COICOP2018@DF_PRICES_C2018_ALL(1.0),JPN,M,N,CPI,IX,CP045,N,_Z,2024-04,107.5741,A,,2015,,2
OECD.SDD.TPS:DSD_PRICES_COICOP2018@DF_PRICES_C2018_ALL(1.0),JPN,M,N,CPI,IX,CP045,N,_Z,2024-03,107.221,A,,2015,,2
OECD.SDD.TPS:DSD_PRICES_COICOP2018@DF_PRICES_C2018_ALL(1.0),JPN,M,N,CPI,IX,CP045,N,_Z,2024-02,106.2794,A,,2015,,2
OECD.SDD.TPS:DSD_PRICES_COICOP2018@DF_PRICES_C2018_ALL(1.0),JPN,M,N,CPI,IX,CP045,N,_Z,2024-01,106.1617,A,,2015,,2
OECD.SDD.TPS:DSD_PRICES_COICOP2018@DF_PRICES_C2018_ALL(1.0),JPN,M,N,CPI,IX,CP045,N,_Z,2023-12,105.8086,A,,2015,,2
OECD.SDD.TPS:DSD_PRICES_COICOP2018@DF_PRICES_C2018_ALL(1.0),JPN,M,N,CPI,IX,CP045,N,_Z,2023-11,105.9263,A,,2015,,2
OECD.SDD.TPS:DSD_PRICES_COICOP2018@DF_PRICES_C2018_ALL(1.0),JPN,M,N,CPI,IX,CP045,N,_Z,2023-10,106.6325,A,,2015,,2
OECD.SDD.TPS:DSD_PRICES_COICOP2018@DF_PRICES_C2018_ALL(1.0),JPN,M,N,CPI,IX,CP045,N,_Z,2023-09,98.74688,A,,2015,,2
OECD.SDD.TPS:DSD_PRICES_COICOP2018@DF_PRICES_C2018_ALL(1.0),JPN,M,N,CPI,IX,CP045,N,_Z,2023-08,101.1008,A,,2015,,2
OECD.SDD.TPS:DSD_PRICES_COICOP2018@DF_PRICES_C2018_ALL(1.0),JPN,M,N,CPI,IX,CP045,N,_Z,2023-07,104.1609,A,,2015,,2
OECD.SDD.TPS:DSD_PRICES_COICOP2018@DF_PRICES_C2018_ALL(1.0),JPN,M,N,CPI,IX,CP045,N,_Z,2023-06,106.7502,A,,2015,,2
OECD.SDD.TPS:DSD_PRICES_COICOP2018@DF_PRICES_C2018_ALL(1.0),JPN,M,N,CPI,IX,CP045,N,_Z,2023-05,103.8078,A,,2015,,2
OECD.SDD.TPS:DSD_PRICES_COICOP2018@DF_PRICES_C2018_ALL(1.0),JPN,M,N,CPI,IX,CP045,N,_Z,2023-04,109.2218,A,,2015,,2
OECD.SDD.TPS:DSD_PRICES_COICOP2018@DF_PRICES_C2018_ALL(1.0),JPN,M,N,CPI,IX,CP045,N,_Z,2023-03,109.8103,A,,2015,,2
OECD.SDD.TPS:DSD_PRICES_COICOP2018@DF_PRICES_C2018_ALL(1.0),JPN,M,N,CPI,IX,CP045,N,_Z,2023-02,110.8696,A,,2015,,2
OECD.SDD.TPS:DSD_PRICES_COICOP2018@DF_PRICES_C2018_ALL(1.0),JPN,M,N,CPI,IX,CP045,N,_Z,2023-01,128.7593,A,,2015,,2
OECD.SDD.TPS:DSD_PRICES_COICOP2018@DF_PRICES_C2018_ALL(1.0),JPN,M,N,CPI,IX,CP045,N,_Z,2022-12,127.347,A,,2015,,2
OECD.SDD.TPS:DSD_PRICES_COICOP2018@DF_PRICES_C2018_ALL(1.0),JPN,M,N,CPI,IX,CP045,N,_Z,2022-11,124.2869,A,,2015,,2
OECD.SDD.TPS:DSD_PRICES_COICOP2018@DF_PRICES_C2018_ALL(1.0),JPN,M,N,CPI,IX,CP045,N,_Z,2022-10,122.8745,A,,2015,,2
OECD.SDD.TPS:DSD_PRICES_COICOP2018@DF_PRICES_C2018_ALL(1.0),JPN,M,N,CPI,IX,CP045,N,_Z,2022-09,121.4622,A,,2015,,2
OECD.SDD.TPS:DSD_PRICES_COICOP2018@DF_PRICES_C2018_ALL(1.0),JPN,M,N,CPI,IX,CP045,N,_Z,2022-08,120.0498,A,,2015,,2
OECD.SDD.TPS:DSD_PRICES_COICOP2018@DF_PRICES_C2018_ALL(1.0),JPN,M,N,CPI,IX,CP045,N,_Z,2022-07,118.6375,A,,2015,,2
OECD.SDD.TPS:DSD_PRICES_COICOP2018@DF_PRICES_C2018_ALL(1.0),JPN,M,N,CPI,IX,CP045,N,_Z,2022-06,116.519,A,,2015,,2
OECD.SDD.TPS:DSD_PRICES_COICOP2018@DF_PRICES_C2018_ALL(1.0),JPN,M,N,CPI,IX,CP045,N,_Z,2022-05,116.0482,A,,2015,,2
OECD.SDD.TPS:DSD_PRICES_COICOP2018@DF_PRICES_C2018_ALL(1.0),JPN,M,N,CPI,IX,CP045,N,_Z,2022-04,114.8712,A,,2015,,2
OECD.SDD.TPS:DSD_PRICES_COICOP2018@DF_PRICES_C2018_ALL(1.0),JPN,M,N,CPI,IX,CP045,N,_Z,2022-03,113.6943,A,,2015,,2
OECD.SDD.TPS:DSD_PRICES_COICOP2018@DF_PRICES_C2018_ALL(1.0),JPN,M,N,CPI,IX,CP045,N,_Z,2022-02,110.8696,A,,2015,,2
OECD.SDD.TPS:DSD_PRICES_COICOP2018@DF_PRICES_C2018_ALL(1.0),JPN,M,N,CPI,IX,CP045,N,_Z,2022-01,107.221,A,,2015,,2
OECD.SDD.TPS:DSD_PRICES_COICOP2018@DF_PRICES_C2018_ALL(1.0),JPN,M,N,CPI,IX,CP045,N,_Z,2021-12,105.6909,A,,2015,,2
OECD.SDD.TPS:DSD_PRICES_COICOP2018@DF_PRICES_C2018_ALL(1.0),JPN,M,N,CPI,IX,CP045,N,_Z,2021-11,104.3963,A,,2015,,2
OECD.SDD.TPS:DSD_PRICES_COICOP2018@DF_PRICES_C2018_ALL(1.0),JPN,M,N,CPI,IX,CP045,N,_Z,2021-10,102.3955,A,,2015,,2
OECD.SDD.TPS:DSD_PRICES_COICOP2018@DF_PRICES_C2018_ALL(1.0),JPN,M,N,CPI,IX,CP045,N,_Z,2021-09,100.63,A,,2015,,2
OECD.SDD.TPS:DSD_PRICES_COICOP2018@DF_PRICES_C2018_ALL(1.0),JPN,M,N,CPI,IX,CP045,N,_Z,2021-08,99.33536,A,,2015,,2
OECD.SDD.TPS:DSD_PRICES_COICOP2018@DF_PRICES_C2018_ALL(1.0),JPN,M,N,CPI,IX,CP045,N,_Z,2021-07,99.33536,A,,2015,,2
OECD.SDD.TPS:DSD_PRICES_COICOP2018@DF_PRICES_C2018_ALL(1.0),JPN,M,N,CPI,IX,CP045,N,_Z,2021-06,98.62919,A,,2015,,2
OECD.SDD.TPS:DSD_PRICES_COICOP2018@DF_PRICES_C2018_ALL(1.0),JPN,M,N,CPI,IX,CP045,N,_Z,2021-05,97.80531,A,,2015,,2
OECD.SDD.TPS:DSD_PRICES_COICOP2018@DF_PRICES_C2018_ALL(1.0),JPN,M,N,CPI,IX,CP045,N,_Z,2021-04,95.3337,A,,2015,,2
OECD.SDD.TPS:DSD_PRICES_COICOP2018@DF_PRICES_C2018_ALL(1.0),JPN,M,N,CPI,IX,CP045,N,_Z,2021-03,93.68596,A,,2015,,2
OECD.SDD.TPS:DSD_PRICES_COICOP2018@DF_PRICES_C2018_ALL(1.0),JPN,M,N,CPI,IX,CP045,N,_Z,2021-02,92.509,A,,2015,,2
OECD.SDD.TPS:DSD_PRICES_COICOP2018@DF_PRICES_C2018_ALL(1.0),JPN,M,N,CPI,IX,CP045,N,_Z,2021-01,92.15591,A,,2015,,2
OECD.SDD.TPS:DSD_PRICES_COICOP2018@DF_PRICES_C2018_ALL(1.0),JPN,M,N,CPI,IX,CP045,N,_Z,2020-12,92.509,A,,2015,,2
OECD.SDD.TPS:DSD_PRICES_COICOP2018@DF_PRICES_C2018_ALL(1.0),JPN,M,N,CPI,IX,CP045,N,_Z,2020-11,93.56826,A,,2015,,2
OECD.SDD.TPS:DSD_PRICES_COICOP2018@DF_PRICES_C2018_ALL(1.0),JPN,M,N,CPI,IX,CP045,N,_Z,2020-10,94.98061,A,,2015,,2
OECD.SDD.TPS:DSD_PRICES_COICOP2018@DF_PRICES_C2018_ALL(1.0),JPN,M,N,CPI,IX,CP045,N,_Z,2020-09,96.51066,A,,2015,,2
OECD.SDD.TPS:DSD_PRICES_COICOP2018@DF_PRICES_C2018_ALL(1.0),JPN,M,N,CPI,IX,CP045,N,_Z,2020-08,97.80531,A,,2015,,2
OECD.SDD.TPS:DSD_PRICES_COICOP2018@DF_PRICES_C2018_ALL(1.0),JPN,M,N,CPI,IX,CP045,N,_Z,2020-07,98.2761,A,,2015,,2
OECD.SDD.TPS:DSD_PRICES_COICOP2018@DF_PRICES_C2018_ALL(1.0),JPN,M,N,CPI,IX,CP045,N,_Z,2020-06,98.74688,A,,2015,,2
OECD.SDD.TPS:DSD_PRICES_COICOP2018@DF_PRICES_C2018_ALL(1.0),JPN,M,N,CPI,IX,CP045,N,_Z,2020-05,98.86458,A,,2015,,2
OECD.SDD.TPS:DSD_PRICES_COICOP2018@DF_PRICES_C2018_ALL(1.0),JPN,M,N,CPI,IX,CP045,N,_Z,2020-04,99.21767,A,,2015,,2
OECD.SDD.TPS:DSD_PRICES_COICOP2018@DF_PRICES_C2018_ALL(1.0),JPN,M,N,CPI,IX,CP11,N,_Z,2017-08,102.9306,A,,2015,,2
OECD.SDD.TPS:DSD_PRICES_COICOP2018@DF_PRICES_C2018_ALL(1.0),JPN,M,N,CPI,IX,CP11,N,_Z,2017-07,101.2853,A,,2015,,2
OECD.SDD.TPS:DSD_PRICES_COICOP2018@DF_PRICES_C2018_ALL(1.0),JPN,M,N,CPI,IX,CP11,N,_Z,2017-06,101.0797,A,,2015,,2
OECD.SDD.TPS:DSD_PRICES_COICOP2018@DF_PRICES_C2018_ALL(1.0),JPN,M,N,CPI,IX,CP11,N,_Z,2017-05,101.491,A,,2015,,2
OECD.SDD.TPS:DSD_PRICES_COICOP2018@DF_PRICES_C2018_ALL(1.0),JPN,M,N,CPI,IX,CP11,N,_Z,2017-04,101.5938,A,,2015,,2
OECD.SDD.TPS:DSD_PRICES_COICOP2018@DF_PRICES_C2018_ALL(1.0),JPN,M,N,CPI,IX,CP11,N,_Z,2017-03,101.0797,A,,2015,,2
OECD.SDD.TPS:DSD_PRICES_COICOP2018@DF_PRICES_C2018_ALL(1.0),JPN,M,N,CPI,IX,CP11,N,_Z,2017-02,100.7712,A,,2015,,2
OECD.SDD.TPS:DSD_PRICES_COICOP2018@DF_PRICES_C2018_ALL(1.0),JPN,M,N,CPI,IX,CP11,N,_Z,2017-01,100.5656,A,,2015,,2
OECD.SDD.TPS:DSD_PRICES_COICOP2018@DF_PRICES_C2018_ALL(1.0),JPN,M,N,CPI,IX,CP11,N,_Z,2016-12,101.0797,A,,2015,,2
OECD.SDD.TPS:DSD_PRICES_COICOP2018@DF_PRICES_C2018_ALL(1.0),JPN,M,N,CPI,IX,CP11,N,_Z,2016-11,101.6967,A,,2015,,2
OECD.SDD.TPS:DSD_PRICES_COICOP2018@DF_PRICES_C2018_ALL(1.0),JPN,M,N,CPI,IX,CP11,N,_Z,2016-10,101.9023,A,,2015,,2
OECD.SDD.TPS:DSD_PRICES_COICOP2018@DF_PRICES_C2018_ALL(1.0),JPN,M,N,CPI,IX,CP11,N,_Z,2016-09,101.2853,A,,2015,,2
OECD.SDD.TPS:DSD_PRICES_COICOP2018@DF_PRICES_C2018_ALL(1.0),JPN,M,N,CPI,IX,CP11,N,_Z,2016-08,102.4165,A,,2015,,2
OECD.SDD.TPS:DSD_PRICES_COICOP2018@DF_PRICES_C2018_ALL(1.0),JPN,M,N,CPI,IX,CP11,N,_Z,2016-07,101.0797,A,,2015,,2
OECD.SDD.TPS:DSD_PRICES_COICOP2018@DF_PRICES_C2018_ALL(1.0),JPN,M,N,CPI,IX,CP11,N,_Z,2016-06,100.9769,A,,2015,,2
OECD.SDD.TPS:DSD_PRICES_COICOP2018@DF_PRICES_C2018_ALL(1.0),JPN,M,N,CPI,IX,CP045,N,_Z,2016-05,91.82728,A,,2015,,2
OECD.SDD.TPS:DSD_PRICES_COICOP2018@DF_PRICES_C2018_ALL(1.0),JPN,M,N,CPI,IX,CP045,N,_Z,2016-04,91.53452,A,,2015,,2
OECD.SDD.TPS:DSD_PRICES_COICOP2018@DF_PRICES_C2018_ALL(1.0),JPN,M,N,CPI,IX,CP045,N,_Z,2016-03,92.60796,A,,2015,,2
OECD.SDD.TPS:DSD_PRICES_COICOP2018@DF_PRICES_C2018_ALL(1.0),JPN,M,N,CPI,IX,CP045,N,_Z,2016-02,93.48621,A,,2015,,2
OECD.SDD.TPS:DSD_PRICES_COICOP2018@DF_PRICES_C2018_ALL(1.0),JPN,M,N,CPI,IX,CP045,N,_Z,2016-01,94.46207,A,,2015,,2
OECD.SDD.TPS:DSD_PRICES_COICOP2018@DF_PRICES_C2018_ALL(1.0),JPN,M,N,CPI,IX,CP045,N,_Z,2015-12,95.34032,A,,2015,,2
OECD.SDD.TPS:DSD_PRICES_COICOP2018@DF_PRICES_C2018_ALL(1.0),JPN,M,N,CPI,IX,CP045,N,_Z,2015-11,95.5355,A,,2015,,2
OECD.SDD.TPS:DSD_PRICES_COICOP2018@DF_PRICES_C2018_ALL(1.0),JPN,M,N,CPI,IX,CP045,N,_Z,2015-10,95.5355,A,,2015,,2
OECD.SDD.TPS:DSD_PRICES_COICOP2018@DF_PRICES_C2018_ALL(1.0),JPN,M,N,CPI,IX,CP045,N,_Z,2015-09,95.82825,A,,2015,,2
OECD.SDD.TPS:DSD_PRICES_COICOP2018@DF_PRICES_C2018_ALL(1.0),JPN,M,N,CPI,IX,CP045,N,_Z,2015-08,97.87753,A,,2015,,2
OECD.SDD.TPS:DSD_PRICES_COICOP2018@DF_PRICES_C2018_ALL(1.0),JPN,M,N,CPI,IX,CP045,N,_Z,2015-07,99.73164,A,,2015,,2
OECD.SDD.TPS:DSD_PRICES_COICOP2018@DF_PRICES_C2018_ALL(1.0),JPN,M,N,CPI,IX,CP045,N,_Z,2015-06,102.1713,A,,2015,,2
OECD.SDD.TPS:DSD_PRICES_COICOP2018@DF_PRICES_C2018_ALL(1.0),JPN,M,N,CPI,IX,CP045,N,_Z,2015-05,103.8302,A,,2015,,2
OECD.SDD.TPS:DSD_PRICES_COICOP2018@DF_PRICES_C2018_ALL(1.0),JPN,M,N,CPI,IX,CP045,N,_Z,2015-04,103.7326,A,,2015,,2
OECD.SDD.TPS:DSD_PRICES_COICOP2018@DF_PRICES_C2018_ALL(1.0),JPN,M,N,CPI,IX,CP045,N,_Z,2015-03,104.0254,A,,2015,,2
OECD.SDD.TPS:DSD_PRICES_COICOP2018@DF_PRICES_C2018_ALL(1.0),JPN,M,N,CPI,IX,CP045,N,_Z,2015-02,103.1471,A,,2015,,2
OECD.SDD.TPS:DSD_PRICES_COICOP2018@DF_PRICES_C2018_ALL(1.0),JPN,M,N,CPI,IX,CP045,N,_Z,2015-01,103.2447,A,,2015,,2
OECD.SDD.TPS:DSD_PRICES_COICOP2018@DF_PRICES_C2018_ALL(1.0),JPN,M,N,CPI,IX,CP045,N,_Z,2014-12,104.2205,A,,2015,,2
OECD.SDD.TPS:DSD_PRICES_COICOP2018@DF_PRICES_C2018_ALL(1.0),JPN,M,N,CPI,IX,CP045,N,_Z,2014-11,104.7085,A,,2015,,2
OECD.SDD.TPS:DSD_PRICES_COICOP2018@DF_PRICES_C2018_ALL(1.0),JPN,M,N,CPI,IX,CP045,N,_Z,2014-10,105.0012,A,,2015,,2
OECD.SDD.TPS:DSD_PRICES_COICOP2018@DF_PRICES_C2018_ALL(1.0),JPN,M,N,CPI,IX,CP045,N,_Z,2014-09,105.4891,A,,2015,,2
OECD.SDD.TPS:DSD_PRICES_COICOP2018@DF_PRICES_C2018_ALL(1.0),JPN,M,N,CPI,IX,CP045,N,_Z,2014-08,105.7819,A,,2015,,2
OECD.SDD.TPS:DSD_PRICES_COICOP2018@DF_PRICES_C2018_ALL(1.0),JPN,M,N,CPI,IX,CP045,N,_Z,2014-07,106.0747,A,,2015,,2
OECD.SDD.TPS:DSD_PRICES_COICOP2018@DF_PRICES_C2018_ALL(1.0),JPN,M,N,CPI,IX,CP045,N,_Z,2014-06,106.1722,A,,2015,,2
OECD.SDD.TPS:DSD_PRICES_COICOP2018@DF_PRICES_C2018_ALL(1.0),JPN,M,N,CPI,IX,CP045,N,_Z,2014-05,105.9771,A,,2015,,2
OECD.SDD.TPS:DSD_PRICES_COICOP2018@DF_PRICES_C2018_ALL(1.0),JPN,M,N,CPI,IX,CP045,N,_Z,2014-04,101.4882,A,,2015,,2
OECD.SDD.TPS:DSD_PRICES_COICOP2018@DF_PRICES_C2018_ALL(1.0),JPN,M,N,CPI,IX,CP045,N,_Z,2014-03,100.122,A,,2015,,2
OECD.SDD.TPS:DSD_PRICES_COICOP2018@DF_PRICES_C2018_ALL(1.0),JPN,M,N,CPI,IX,CP045,N,_Z,2014-02,99.43889,A,,2015,,2
OECD.SDD.TPS:DSD_PRICES_COICOP2018@DF_PRICES_C2018_ALL(1.0),JPN,M,N,CPI,IX,CP045,N,_Z,2014-01,99.14613,A,,2015,,2
OECD.SDD.TPS:DSD_PRICES_COICOP2018@DF_PRICES_C2018_ALL(1.0),JPN,M,N,CPI,IX,CP11,N,_Z,2026-07,129.3988,A,,2015,,2
OECD.SDD.TPS:DSD_PRICES_COICOP2018@DF_PRICES_C2018_ALL(1.0),JPN,M,N,CPI,IX,CP11,N,_Z,2026-06,127.748,A,,2015,,2
OECD.SDD.TPS:DSD_PRICES_COICOP2018@DF_PRICES_C2018_ALL(1.0),JPN,M,N,CPI,IX,CP11,N,_Z,2026-05,129.1449,A,,2015,,2
OECD.SDD.TPS:DSD_PRICES_COICOP2018@DF_PRICES_C2018_ALL(1.0),JPN,M,N,CPI,IX,CP11,N,_Z,2026-04,128.6369,A,,2015,,2
OECD.SDD.TPS:DSD_PRICES_COICOP2018@DF_PRICES_C2018_ALL(1.0),JPN,M,N,CPI,IX,CP11,N,_Z,2026-03,129.7798,A,,2015,,2
OECD.SDD.TPS:DSD_PRICES_COICOP2018@DF_PRICES_C2018_ALL(1.0),JPN,M,N,CPI,IX,CP01,N,_Z,2018-11,104.0994,A,,2015,,2
OECD.SDD.TPS:DSD_PRICES_COICOP2018@DF_PRICES_C2018_ALL(1.0),JPN,M,N,CPI,IX,CP01,N,_Z,2018-10,105.2632,A,,2015,,2
OECD.SDD.TPS:DSD_PRICES_COICOP2018@DF_PRICES_C2018_ALL(1.0),JPN,M,N,CPI,IX,CP01,N,_Z,2018-09,105.3689,A,,2015,,2
OECD.SDD.TPS:DSD_PRICES_COICOP2018@DF_PRICES_C2018_ALL(1.0),JPN,M,N,CPI,IX,CP01,N,_Z,2018-08,104.6284,A,,2015,,2
OECD.SDD.TPS:DSD_PRICES_COICOP2018@DF_PRICES_C2018_ALL(1.0),JPN,M,N,CPI,IX,CP01,N,_Z,2018-07,103.2531,A,,2015,,2
OECD.SDD.TPS:DSD_PRICES_COICOP2018@DF_PRICES_C2018_ALL(1.0),JPN,M,N,CPI,IX,CP01,N,_Z,2018-06,102.4068,A,,2015,,2
OECD.SDD.TPS:DSD_PRICES_COICOP2018@DF_PRICES_C2018_ALL(1.0),JPN,M,N,CPI,IX,CP01,N,_Z,2018-05,102.9357,A,,2015,,2
OECD.SDD.TPS:DSD_PRICES_COICOP2018@DF_PRICES_C2018_ALL(1.0),JPN,M,N,CPI,IX,CP01,N,_Z,2018-04,102.9357,A,,2015,,2
OECD.SDD.TPS:DSD_PRICES_COICOP2018@DF_PRICES_C2018_ALL(1.0),JPN,M,N,CPI,IX,CP01,N,_Z,2018-03,104.311,A,,2015,,2
OECD.SDD.TPS:DSD_PRICES_COICOP2018@DF_PRICES_C2018_ALL(1.0),JPN,M,N,CPI,IX,CP01,N,_Z,2018-02,106.2153,A,,2015,,2
OECD.SDD.TPS:DSD_PRICES_COICOP2018@DF_PRICES_C2018_ALL(1.0),JPN,M,N,CPI,IX,CP01,N,_Z,2018-01,107.0616,A,,2015,,2
OECD.SDD.TPS:DSD_PRICES_COICOP2018@DF_PRICES_C2018_ALL(1.0),JPN,M,N,CPI,IX,CP01,N,_Z,2017-12,105.0516,A,,2015,,2
OECD.SDD.TPS:DSD_PRICES_COICOP2018@DF_PRICES_C2018_ALL(1.0),JPN,M,N,CPI,IX,CP01,N,_Z,2017-11,103.6763,A,,2015,,2
OECD.SDD.TPS:DSD_PRICES_COICOP2018@DF_PRICES_C2018_ALL(1.0),JPN,M,N,CPI,IX,CP01,N,_Z,2017-10,102.1952,A,,2015,,2
OECD.SDD.TPS:DSD_PRICES_COICOP2018@DF_PRICES_C2018_ALL(1.0),JPN,M,N,CPI,IX,CP01,N,_Z,2017-09,103.1473,A,,2015,,2
OECD.SDD.TPS:DSD_PRICES_COICOP2018@DF_PRICES_C2018_ALL(1.0),JPN,M,N,CPI,IX,CP01,N,_Z,2017-08,101.9836,A,,2015,,2
OECD.SDD.TPS:DSD_PRICES_COICOP2018@DF_PRICES_C2018_ALL(1.0),JPN,M,N,CPI,IX,CP01,N,_Z,2017-07,101.5604,A,,2015,,2
OECD.SDD.TPS:DSD_PRICES_COICOP2018@DF_PRICES_C2018_ALL(1.0),JPN,M,N,CPI,IX,CP01,N,_Z,2017-06,101.9836,A,,2015,,2
OECD.SDD.TPS:DSD_PRICES_COICOP2018@DF_PRICES_C2018_ALL(1.0),JPN,M,N,CPI,IX,CP01,N,_Z,2017-05,102.301,A,,2015,,2
OECD.SDD.TPS:DSD_PRICES_COICOP2018@DF_PRICES_C2018_ALL(1.0),JPN,M,N,CPI,IX,CP01,N,_Z,2017-04,102.4068,A,,2015,,2
OECD.SDD.TPS:DSD_PRICES_COICOP2018@DF_PRICES_C2018_ALL(1.0),JPN,M,N,CPI,IX,CP01,N,_Z,2017-03,102.0894,A,,2015,,2
OECD.SDD.TPS:DSD_PRICES_COICOP2018@DF_PRICES_C2018_ALL(1.0),JPN,M,N,CPI,IX,CP01,N,_Z,2017-02,102.5126,A,,2015,,2
OECD.SDD.TPS:DSD_PRICES_COICOP2018@DF_PRICES_C2018_ALL(1.0),JPN,M,N,CPI,IX,CP01,N,_Z,2017-01,103.1473,A,,2015,,2
OECD.SDD.TPS:DSD_PRICES_COICOP2018@DF_PRICES_C2018_ALL(1.0),JPN,M,N,CPI,IX,CP01,N,_Z,2016-12,103.0415,A,,2015,,2
OECD.SDD.TPS:DSD_PRICES_COICOP2018@DF_PRICES_C2018_ALL(1.0),JPN,M,N,CPI,IX,CP01,N,_Z,2016-11,104.0994,A,,2015,,2
OECD.SDD.TPS:DSD_PRICES_COICOP2018@DF_PRICES_C2018_ALL(1.0),JPN,M,N,CPI,IX,CP01,N,_Z,2016-10,104.2052,A,,2015,,2
OECD.SDD.TPS:DSD_PRICES_COICOP2018@DF_PRICES_C2018_ALL(1.0),JPN,M,N,CPI,IX,CP01,N,_Z,2016-09,102.0894,A,,2015,,2
OECD.SDD.TPS:DSD_PRICES_COICOP2018@DF_PRICES_C2018_ALL(1.0),JPN,M,N,CPI,IX,CP01,N,_Z,2016-08,101.1373,A,,2015,,2
OECD.SDD.TPS:DSD_PRICES_COICOP2018@DF_PRICES_C2018_ALL(1.0),JPN,M,N,CPI,IX,CP01,N,_Z,2016-07,101.1373,A,,2015,,2
OECD.SDD.TPS:DSD_PRICES_COICOP2018@DF_PRICES_C2018_ALL(1.0),JPN,M,N,CPI,IX,CP01,N,_Z,2016-06,101.2431,A,,2015,,2
OECD.SDD.TPS:DSD_PRICES_COICOP2018@DF_PRICES_C2018_ALL(1.0),JPN,M,N,CPI,IX,CP01,N,_Z,2016-05,101.3488,A,,2015,,2
OECD.SDD.TPS:DSD_PRICES_COICOP2018@DF_PRICES_C2018_ALL(1.0),JPN,M,N,CPI,IX,CP01,N,_Z,2016-04,101.3488,A,,2015,,2
OECD.SDD.TPS:DSD_PRICES_COICOP2018@DF_PRICES_C2018_ALL(1.0),JPN,M,N,CPI,IX,CP01,N,_Z,2016-03,101.6662,A,,2015,,2
OECD.SDD.TPS:DSD_PRICES_COICOP2018@DF_PRICES_C2018_ALL(1.0),JPN,M,N,CPI,IX,CP01,N,_Z,2016-02,101.772,A,,2015,,2
OECD.SDD.TPS:DSD_PRICES_COICOP2018@DF_PRICES_C2018_ALL(1.0),JPN,M,N,CPI,IX,CP01,N,_Z,2016-01,101.0315,A,,2015,,2
OECD.SDD.TPS:DSD_PRICES_COICOP2018@DF_PRICES_C2018_ALL(1.0),JPN,M,N,CPI,IX,CP01,N,_Z,2015-12,99.86776,A,,2015,,2
OECD.SDD.TPS:DSD_PRICES_COICOP2018@DF_PRICES_C2018_ALL(1.0),JPN,M,N,CPI,IX,CP01,N,_Z,2015-11,99.65617,A,,2015,,2
OECD.SDD.TPS:DSD_PRICES_COICOP2018@DF_PRICES_C2018_ALL(1.0),JPN,M,N,CPI,IX,CP01,N,_Z,2015-10,101.3488,A,,2015,,2
OECD.SDD.TPS:DSD_PRICES_COICOP2018@DF_PRICES_C2018_ALL(1.0),JPN,M,N,CPI,IX,CP01,N,_Z,2015-09,101.5604,A,,2015,,2
OECD.SDD.TPS:DSD_PRICES_COICOP2018@DF_PRICES_C2018_ALL(1.0),JPN,M,N,CPI,IX,CP01,N,_Z,2015-08,100.6083,A,,2015,,2
OECD.SDD.TPS:DSD_PRICES_COICOP2018@DF_PRICES_C2018_ALL(1.0),JPN,M,N,CPI,IX,CP01,N,_Z,2015-07,99.86776,A,,2015,,2
OECD.SDD.TPS:DSD_PRICES_COICOP2018@DF_PRICES_C2018_ALL(1.0),JPN,M,N,CPI,IX,CP01,N,_Z,2015-06,99.97355,A,,2015,,2
OECD.SDD.TPS:DSD_PRICES_COICOP2018@DF_PRICES_C2018_ALL(1.0),JPN,M,N,CPI,IX,CP01,N,_Z,2015-05,100.6083,A,,2015,,2
OECD.SDD.TPS:DSD_PRICES_COICOP2018@DF_PRICES_C2018_ALL(1.0),JPN,M,N,CPI,IX,CP01,N,_Z,2015-04,99.86776,A,,2015,,2
OECD.SDD.TPS:DSD_PRICES_COICOP2018@DF_PRICES_C2018_ALL(1.0),JPN,M,N,CPI,IX,CP01,N,_Z,2015-03,98.70405,A,,2015,,2
OECD.SDD.TPS:DSD_PRICES_COICOP2018@DF_PRICES_C2018_ALL(1.0),JPN,M,N,CPI,IX,CP01,N,_Z,2015-02,98.70405,A,,2015,,2
OECD.SDD.TPS:DSD_PRICES_COICOP2018@DF_PRICES_C2018_ALL(1.0),JPN,M,N,CPI,IX,CP01,N,_Z,2015-01,99.23301,A,,2015,,2
OECD.SDD.TPS:DSD_PRICES_COICOP2018@DF_PRICES_C2018_ALL(1.0),JPN,M,N,CPI,IX,CP01,N,_Z,2014-12,97.32875,A,,2015,,2
OECD.SDD.TPS:DSD_PRICES_COICOP2018@DF_PRICES_C2018_ALL(1.0),JPN,M,N,CPI,IX,CP01,N,_Z,2014-11,96.16504,A,,2015,,2
OECD.SDD.TPS:DSD_PRICES_COICOP2018@DF_PRICES_C2018_ALL(1.0),JPN,M,N,CPI,IX,CP01,N,_Z,2014-10,97.11716,A,,2015,,2
OECD.SDD.TPS:DSD_PRICES_COICOP2018@DF_PRICES_C2018_ALL(1.0),JPN,M,N,CPI,IX,CP01,N,_Z,2014-09,98.91563,A,,2015,,2
OECD.SDD.TPS:DSD_PRICES_COICOP2018@DF_PRICES_C2018_ALL(1.0),JPN,M,N,CPI,IX,CP01,N,_Z,2014-08,97.43454,A,,2015,,2
OECD.SDD.TPS:DSD_PRICES_COICOP2018@DF_PRICES_C2018_ALL(1.0),JPN,M,N,CPI,IX,CP01,N,_Z,2014-07,96.69399,A,,2015,,2
OECD.SDD.TPS:DSD_PRICES_COICOP2018@DF_PRICES_C2018_ALL(1.0),JPN,M,N,CPI,IX,CP01,N,_Z,2014-06,96.79979,A,,2015,,2
OECD.SDD.TPS:DSD_PRICES_COICOP2018@DF_PRICES_C2018_ALL(1.0),JPN,M,N,CPI,IX,CP11,N,_Z,2022-12,107.5572,A,,2015,,2
OECD.SDD.TPS:DSD_PRICES_COICOP2018@DF_PRICES_C2018_ALL(1.0),JPN,M,N,CPI,IX,CP11,N,_Z,2022-11,106.7953,A,,2015,,2
OECD.SDD.TPS:DSD_PRICES_COICOP2018@DF_PRICES_C2018_ALL(1.0),JPN,M,N,CPI,IX,CP11,N,_Z,2022-10,108.3191,A,,2015,,2
OECD.SDD.TPS:DSD_PRICES_COICOP2018@DF_PRICES_C2018_ALL(1.0),JPN,M,N,CPI,IX,CP11,N,_Z,2022-09,109.843,A,,2015,,2
OECD.SDD.TPS:DSD_PRICES_COICOP2018@DF_PRICES_C2018_ALL(1.0),JPN,M,N,CPI,IX,CP11,N,_Z,2022-08,111.2398,A,,2015,,2
OECD.SDD.TPS:DSD_PRICES_COICOP2018@DF_PRICES_C2018_ALL(1.0),JPN,M,N,CPI,IX,CP11,N,_Z,2022-07,109.462,A,,2015,,2
OECD.SDD.TPS:DSD_PRICES_COICOP2018@DF_PRICES_C2018_ALL(1.0),JPN,M,N,CPI,IX,CP11,N,_Z,2022-06,107.6842,A,,2015,,2
OECD.SDD.TPS:DSD_PRICES_COICOP2018@DF_PRICES_C2018_ALL(1.0),JPN,M,N,CPI,IX,CP11,N,_Z,2022-05,108.3191,A,,2015,,2
OECD.SDD.TPS:DSD_PRICES_COICOP2018@DF_PRICES_C2018_ALL(1.0),JPN,M,N,CPI,IX,CP11,N,_Z,2022-04,107.4302,A,,2015,,2
OECD.SDD.TPS:DSD_PRICES_COICOP2018@DF_PRICES_C2018_ALL(1.0),JPN,M,N,CPI,IX,CP11,N,_Z,2022-03,106.5413,A,,2015,,2
OECD.SDD.TPS:DSD_PRICES_COICOP2018@DF_PRICES_C2018_ALL(1.0),JPN,M,N,CPI,IX,CP11,N,_Z,2022-02,106.4143,A,,2015,,2
OECD.SDD.TPS:DSD_PRICES_COICOP2018@DF_PRICES_C2018_ALL(1.0),JPN,M,N,CPI,IX,CP11,N,_Z,2022-01,105.7794,A,,2015,,2
OECD.SDD.TPS:DSD_PRICES_COICOP2018@DF_PRICES_C2018_ALL(1.0),JPN,M,N,CPI,IX,CP11,N,_Z,2021-12,105.6524,A,,2015,,2
OECD.SDD.TPS:DSD_PRICES_COICOP2018@DF_PRICES_C2018_ALL(1.0),JPN,M,N,CPI,IX,CP11,N,_Z,2021-11,105.6524,A,,2015,,2
OECD.SDD.TPS:DSD_PRICES_COICOP2018@DF_PRICES_C2018_ALL(1.0),JPN,M,N,CPI,IX,CP11,N,_Z,2021-10,105.6524,A,,2015,,2
OECD.SDD.TPS:DSD_PRICES_COICOP2018@DF_PRICES_C2018_ALL(1.0),JPN,M,N,CPI,IX,CP11,N,_Z,2021-09,105.3985,A,,2015,,2
OECD.SDD.TPS:DSD_PRICES_COICOP2018@DF_PRICES_C2018_ALL(1.0),JPN,M,N,CPI,IX,CP11,N,_Z,2021-08,107.6842,A,,2015,,2
OECD.SDD.TPS:DSD_PRICES_COICOP2018@DF_PRICES_C2018_ALL(1.0),JPN,M,N,CPI,IX,CP11,N,_Z,2021-07,106.6683,A,,2015,,2
OECD.SDD.TPS:DSD_PRICES_COICOP2018@DF_PRICES_C2018_ALL(1.0),JPN,M,N,CPI,IX,CP11,N,_Z,2021-06,104.7635,A,,2015,,2
OECD.SDD.TPS:DSD_PRICES_COICOP2018@DF_PRICES_C2018_ALL(1.0),JPN,M,N,CPI,IX,CP11,N,_Z,2021-05,105.3985,A,,2015,,2
OECD.SDD.TPS:DSD_PRICES_COICOP2018@DF_PRICES_C2018_ALL(1.0),JPN,M,N,CPI,IX,CP11,N,_Z,2021-04,104.7635,A,,2015,,2
OECD.SDD.TPS:DSD_PRICES_COICOP2018@DF_PRICES_C2018_ALL(1.0),JPN,M,N,CPI,IX,CP11,N,_Z,2021-03,104.5096,A,,2015,,2
OECD.SDD.TPS:DSD_PRICES_COICOP2018@DF_PRICES_C2018_ALL(1.0),JPN,M,N,CPI,IX,CP11,N,_Z,2021-02,104.3826,A,,2015,,2
OECD.SDD.TPS:DSD_PRICES_COICOP2018@DF_PRICES_C2018_ALL(1.0),JPN,M,N,CPI,IX,CP11,N,_Z,2021-01,104.7635,A,,2015,,2
OECD.SDD.TPS:DSD_PRICES_COICOP2018@DF_PRICES_C2018_ALL(1.0),JPN,M,N,CPI,IX,CP11,N,_Z,2020-12,99.5571,A,,2015,,2
OECD.SDD.TPS:DSD_PRICES_COICOP2018@DF_PRICES_C2018_ALL(1.0),JPN,M,N,CPI,IX,CP11,N,_Z,2020-11,98.41422,A,,2015,,2
OECD.SDD.TPS:DSD_PRICES_COICOP2018@DF_PRICES_C2018_ALL(1.0),JPN,M,N,CPI,IX,CP11,N,_Z,2020-10,98.41422,A,,2015,,2
OECD.SDD.TPS:DSD_PRICES_COICOP2018@DF_PRICES_C2018_ALL(1.0),JPN,M,N,CPI,IX,CP11,N,_Z,2020-09,99.5571,A,,2015,,2
OECD.SDD.TPS:DSD_PRICES_COICOP2018@DF_PRICES_C2018_ALL(1.0),JPN,M,N,CPI,IX,CP11,N,_Z,2020-08,100.827,A,,2015,,2
OECD.SDD.TPS:DSD_PRICES_COICOP2018@DF_PRICES_C2018_ALL(1.0),JPN,M,N,CPI,IX,_T,N,_Z,2017-06,100.2944,A,,2015,,2
OECD.SDD.TPS:DSD_PRICES_COICOP2018@DF_PRICES_C2018_ALL(1.0),JPN,M,N,CPI,IX,_T,N,_Z,2017-05,100.4084,A,,2015,,2
OECD.SDD.TPS:DSD_PRICES_COICOP2018@DF_PRICES_C2018_ALL(1.0),JPN,M,N,CPI,IX,_T,N,_Z,2017-04,100.2944,A,,2015,,2
OECD.SDD.TPS:DSD_PRICES_COICOP2018@DF_PRICES_C2018_ALL(1.0),JPN,M,N,CPI,IX,_T,N,_Z,2017-03,99.83854,A,,2015,,2
OECD.SDD.TPS:DSD_PRICES_COICOP2018@DF_PRICES_C2018_ALL(1.0),JPN,M,N,CPI,IX,_T,N,_Z,2017-02,99.83854,A,,2015,,2
OECD.SDD.TPS:DSD_PRICES_COICOP2018@DF_PRICES_C2018_ALL(1.0),JPN,M,N,CPI,IX,_T,N,_Z,2017-01,99.95251,A,,2015,,2
OECD.SDD.TPS:DSD_PRICES_COICOP2018@DF_PRICES_C2018_ALL(1.0),JPN,M,N,CPI,IX,_T,N,_Z,2016-12,100.1805,A,,2015,,2
OECD.SDD.TPS:DSD_PRICES_COICOP2018@DF_PRICES_C2018_ALL(1.0),JPN,M,N,CPI,IX,_T,N,_Z,2016-11,100.4084,A,,2015,,2
OECD.SDD.TPS:DSD_PRICES_COICOP2018@DF_PRICES_C2018_ALL(1.0),JPN,M,N,CPI,IX,_T,N,_Z,2016-10,100.4084,A,,2015,,2
OECD.SDD.TPS:DSD_PRICES_COICOP2018@DF_PRICES_C2018_ALL(1.0),JPN,M,N,CPI,IX,_T,N,_Z,2016-09,99.83854,A,,2015,,2
OECD.SDD.TPS:DSD_PRICES_COICOP2018@DF_PRICES_C2018_ALL(1.0),JPN,M,N,CPI,IX,_T,N,_Z,2016-08,99.6106,A,,2015,,2
OECD.SDD.TPS:DSD_PRICES_COICOP2018@DF_PRICES_C2018_ALL(1.0),JPN,M,N,CPI,IX,_T,N,_Z,2016-07,99.6106,A,,2015,,2
OECD.SDD.TPS:DSD_PRICES_COICOP2018@DF_PRICES_C2018_ALL(1.0),JPN,M,N,CPI,IX,_T,N,_Z,2016-06,99.83854,A,,2015,,2
OECD.SDD.TPS:DSD_PRICES_COICOP2018@DF_PRICES_C2018_ALL(1.0),JPN,M,N,CPI,IX,_T,N,_Z,2016-05,99.95251,A,,2015,,2
OECD.SDD.TPS:DSD_PRICES_COICOP2018@DF_PRICES_C2018_ALL(1.0),JPN,M,N,CPI,IX,_T,N,_Z,2016-04,99.95251,A,,2015,,2
OECD.SDD.TPS:DSD_PRICES_COICOP2018@DF_PRICES_C2018_ALL(1.0),JPN,M,N,CPI,IX,_T,N,_Z,2016-03,99.72457,A,,2015,,2
OECD.SDD.TPS:DSD_PRICES_COICOP2018@DF_PRICES_C2018_ALL(1.0),JPN,M,N,CPI,IX,_T,N,_Z,2016-02,99.6106,A,,2015,,2
OECD.SDD.TPS:DSD_PRICES_COICOP2018@DF_PRICES_C2018_ALL(1.0),JPN,M,N,CPI,IX,_T,N,_Z,2016-01,99.49663,A,,2015,,2
OECD.SDD.TPS:DSD_PRICES_COICOP2018@DF_PRICES_C2018_ALL(1.0),JPN,M,N,CPI,IX,_T,N,_Z,2015-12,99.83854,A,,2015,,2
OECD.SDD.TPS:DSD_PRICES_COICOP2018@DF_PRICES_C2018_ALL(1.0),JPN,M,N,CPI,IX,_T,N,_Z,2015-11,99.83854,A,,2015,,2
OECD.SDD.TPS:DSD_PRICES_COICOP2018@DF_PRICES_C2018_ALL(1.0),JPN,M,N,CPI,IX,_T,N,_Z,2015-10,100.2944,A,,2015,,2
OECD.SDD.TPS:DSD_PRICES_COICOP2018@DF_PRICES_C2018_ALL(1.0),JPN,M,N,CPI,IX,_T,N,_Z,2015-09,100.2944,A,,2015,,2
OECD.SDD.TPS:DSD_PRICES_COICOP2018@DF_PRICES_C2018_ALL(1.0),JPN,M,N,CPI,IX,_T,N,_Z,2015-08,100.1805,A,,2015,,2
OECD.SDD.TPS:DSD_PRICES_COICOP2018@DF_PRICES_C2018_ALL(1.0),JPN,M,N,CPI,IX,_T,N,_Z,2015-07,100.0665,A,,2015,,2
OECD.SDD.TPS:DSD_PRICES_COICOP2018@DF_PRICES_C2018_ALL(1.0),JPN,M,N,CPI,IX,_T,N,_Z,2015-06,100.1805,A,,2015,,2
OECD.SDD.TPS:DSD_PRICES_COICOP2018@DF_PRICES_C2018_ALL(1.0),JPN,M,N,CPI,IX,_T,N,_Z,2015-05,100.4084,A,,2015,,2
OECD.SDD.TPS:DSD_PRICES_COICOP2018@DF_PRICES_C2018_ALL(1.0),JPN,M,N,CPI,IX,_T,N,_Z,2015-04,100.1805,A,,2015,,2
OECD.SDD.TPS:DSD_PRICES_COICOP2018@DF_PRICES_C2018_ALL(1.0),JPN,M,N,CPI,IX,_T,N,_Z,2015-03,99.72457,A,,2015,,2
OECD.SDD.TPS:DSD_PRICES_COICOP2018@DF_PRICES_C2018_ALL(1.0),JPN,M,N,CPI,IX,_T,N,_Z,2015-02,99.38266,A,,2015,,2
OECD.SDD.TPS:DSD_PRICES_COICOP2018@DF_PRICES_C2018_ALL(1.0),JPN,M,N,CPI,IX,_T,N,_Z,2015-01,99.6106,A,,2015,,2
OECD.SDD.TPS:DSD_PRICES_COICOP2018@DF_PRICES_C2018_ALL(1.0),JPN,M,N,CPI,IX,_T,N,_Z,2014-12,99.72457,A,,2015,,2
OECD.SDD.TPS:DSD_PRICES_COICOP2018@DF_PRICES_C2018_ALL(1.0),JPN,M,N,CPI,IX,_T,N,_Z,2014-11,99.6106,A,,2015,,2
OECD.SDD.TPS:DSD_PRICES_COICOP2018@DF_PRICES_C2018_ALL(1.0),JPN,M,N,CPI,IX,_T,N,_Z,2014-10,100.0665,A,,2015,,2
OECD.SDD.TPS:DSD_PRICES_COICOP2018@DF_PRICES_C2018_ALL(1.0),JPN,M,N,CPI,IX,_T,N,_Z,2014-09,100.2944,A,,2015,,2
OECD.SDD.TPS:DSD_PRICES_COICOP2018@DF_PRICES_C2018_ALL(1.0),JPN,M,N,CPI,IX,_T,N,_Z,2014-08,100.0665,A,,2015,,2
OECD.SDD.TPS:DSD_PRICES_COICOP2018@DF_PRICES_C2018_ALL(1.0),JPN,M,N,CPI,IX,_T,N,_Z,2014-07,99.83854,A,,2015,,2
OECD.SDD.TPS:DSD_PRICES_COICOP2018@DF_PRICES_C2018_ALL(1.0),JPN,M,N,CPI,IX,_T,N,_Z,2014-06,99.83854,A,,2015,,2
OECD.SDD.TPS:DSD_PRICES_COICOP2018@DF_PRICES_C2018_ALL(1.0),JPN,M,N,CPI,IX,_T,N,_Z,2014-05,99.83854,A,,2015,,2
OECD.SDD.TPS:DSD_PRICES_COICOP2018@DF_PRICES_C2018_ALL(1.0),JPN,M,N,CPI,IX,_T,N,_Z,2014-04,99.49663,A,,2015,,2
OECD.SDD.TPS:DSD_PRICES_COICOP2018@DF_PRICES_C2018_ALL(1.0),JPN,M,N,CPI,IX,_T,N,_Z,2014-03,97.44515,A,,2015,,2
OECD.SDD.TPS:DSD_PRICES_COICOP2018@DF_PRICES_C2018_ALL(1.0),JPN,M,N,CPI,IX,_T,N,_Z,2014-02,97.21721,A,,2015,,2
OECD.SDD.TPS:DSD_PRICES_COICOP2018@DF_PRICES_C2018_ALL(1.0),JPN,M,N,CPI,IX,_T,N,_Z,2014-01,97.21721,A,,2015,,2
OECD.SDD.TPS:DSD_PRICES_COICOP2018@DF_PRICES_C2018_ALL(1.0),JPN,M,N,CPI,IX,CP01,N,_Z,2026-06,139.2965,A,,2015,,2
OECD.SDD.TPS:DSD_PRICES_COICOP2018@DF_PRICES_C2018_ALL(1.0),JPN,M,N,CPI,IX,CP01,N,_Z,2026-05,139.4323,A,,2015,,2
OECD.SDD.TPS:DSD_PRICES_COICOP2018@DF_PRICES_C2018_ALL(1.0),JPN,M,N,CPI,IX,CP01,N,_Z,2026-04,139.0249,A,,2015,,2
OECD.SDD.TPS:DSD_PRICES_COICOP2018@DF_PRICES_C2018_ALL(1.0),JPN,M,N,CPI,IX,CP01,N,_Z,2026-03,138.6176,A,,2015,,2
OECD.SDD.TPS:DSD_PRICES_COICOP2018@DF_PRICES_C2018_ALL(1.0),JPN,M,N,CPI,IX,CP01,N,_Z,2026-02,139.1607,A,,2015,,2
OECD.SDD.TPS:DSD_PRICES_COICOP2018@DF_PRICES_C2018_ALL(1.0),JPN,M,N,CPI,IX,CP01,N,_Z,2026-01,139.7038,A,,2015,,2
OECD.SDD.TPS:DSD_PRICES_COICOP2018@DF_PRICES_C2018_ALL(1.0),JPN,M,N,CPI,IX,CP01,N,_Z,2025-12,138.7534,A,,2015,,2
OECD.SDD.TPS:DSD_PRICES_COICOP2018@DF_PRICES_C2018_ALL(1.0),JPN,M,N,CPI,IX,CP01,N,_Z,2025-11,138.7534,A,,2015,,2
OECD.SDD.TPS:DSD_PRICES_COICOP2018@DF_PRICES_C2018_ALL(1.0),JPN,M,N,CPI,IX,CP01,N,_Z,2025-10,138.0746,A,,2015,,2
OECD.SDD.TPS:DSD_PRICES_COICOP2018@DF_PRICES_C2018_ALL(1.0),JPN,M,N,CPI,IX,CP01,N,_Z,2025-09,137.1242,A,,2015,,2
OECD.SDD.TPS:DSD_PRICES_COICOP2018@DF_PRICES_C2018_ALL(1.0),JPN,M,N,CPI,IX,CP01,N,_Z,2025-08,136.8527,A,,2015,,2
OECD.SDD.TPS:DSD_PRICES_COICOP2018@DF_PRICES_C2018_ALL(1.0),JPN,M,N,CPI,IX,CP01,N,_Z,2025-07,135.0877,A,,2015,,2
OECD.SDD.TPS:DSD_PRICES_COICOP2018@DF_PRICES_C2018_ALL(1.0),JPN,M,N,CPI,IX,CP01,N,_Z,2025-06,134.5446,A,,2015,,2
OECD.SDD.TPS:DSD_PRICES_COICOP2018@DF_PRICES_C2018_ALL(1.0),JPN,M,N,CPI,IX,CP01,N,_Z,2025-05,134.2731,A,,2015,,2
OECD.SDD.TPS:DSD_PRICES_COICOP2018@DF_PRICES_C2018_ALL(1.0),JPN,M,N,CPI,IX,CP01,N,_Z,2025-04,133.8658,A,,2015,,2
OECD.SDD.TPS:DSD_PRICES_COICOP2018@DF_PRICES_C2018_ALL(1.0),JPN,M,N,CPI,IX,CP01,N,_Z,2025-03,133.8658,A,,2015,,2
OECD.SDD.TPS:DSD_PRICES_COICOP2018@DF_PRICES_C2018_ALL(1.0),JPN,M,N,CPI,IX,CP01,N,_Z,2025-02,133.7301,A,,2015,,2
OECD.SDD.TPS:DSD_PRICES_COICOP2018@DF_PRICES_C2018_ALL(1.0),JPN,M,N,CPI,IX,CP01,N,_Z,2025-01,134.4089,A,,2015,,2
OECD.SDD.TPS:DSD_PRICES_COICOP2018@DF_PRICES_C2018_ALL(1.0),JPN,M,N,CPI,IX,CP01,N,_Z,2024-12,132.2366,A,,2015,,2
OECD.SDD.TPS:DSD_PRICES_COICOP2018@DF_PRICES_C2018_ALL(1.0),JPN,M,N,CPI,IX,CP01,N,_Z,2024-11,130.6074,A,,2015,,2
OECD.SDD.TPS:DSD_PRICES_COICOP2018@DF_PRICES_C2018_ALL(1.0),JPN,M,N,CPI,IX,CP01,N,_Z,2024-10,129.6571,A,,2015,,2
OECD.SDD.TPS:DSD_PRICES_COICOP2018@DF_PRICES_C2018_ALL(1.0),JPN,M,N,CPI,IX,CP01,N,_Z,2024-09,127.7563,A,,2015,,2
OECD.SDD.TPS:DSD_PRICES_COICOP2018@DF_PRICES_C2018_ALL(1.0),JPN,M,N,CPI,IX,CP01,N,_Z,2024-08,125.9914,A,,2015,,2
OECD.SDD.TPS:DSD_PRICES_COICOP2018@DF_PRICES_C2018_ALL(1.0),JPN,M,N,CPI,IX,CP01,N,_Z,2024-07,124.3622,A,,2015,,2
OECD.SDD.TPS:DSD_PRICES_COICOP2018@DF_PRICES_C2018_ALL(1.0),JPN,M,N,CPI,IX,CP01,N,_Z,2024-06,124.3622,A,,2015,,2
OECD.SDD.TPS:DSD_PRICES_COICOP2018@DF_PRICES_C2018_ALL(1.0),JPN,M,N,CPI,IX,CP01,N,_Z,2024-05,125.041,A,,2015,,2
OECD.SDD.TPS:DSD_PRICES_COICOP2018@DF_PRICES_C2018_ALL(1.0),JPN,M,N,CPI,IX,CP01,N,_Z,2024-04,124.6337,A,,2015,,2
OECD.SDD.TPS:DSD_PRICES_COICOP2018@DF_PRICES_C2018_ALL(1.0),JPN,M,N,CPI,IX,CP01,N,_Z,2024-03,123.6833,A,,2015,,2
OECD.SDD.TPS:DSD_PRICES_COICOP2018@DF_PRICES_C2018_ALL(1.0),JPN,M,N,CPI,IX,CP01,N,_Z,2024-02,123.1403,A,,2015,,2
OECD.SDD.TPS:DSD_PRICES_COICOP2018@DF_PRICES_C2018_ALL(1.0),JPN,M,N,CPI,IX,CP045,N,_Z,2020-03,100.1592,A,,2015,,2
OECD.SDD.TPS:DSD_PRICES_COICOP2018@DF_PRICES_C2018_ALL(1.0),JPN,M,N,CPI,IX,CP045,N,_Z,2020-02,100.2769,A,,2015,,2
OECD.SDD.TPS:DSD_PRICES_COICOP2018@DF_PRICES_C2018_ALL(1.0),JPN,M,N,CPI,IX,CP045,N,_Z,2020-01,100.5123,A,,2015,,2
OECD.SDD.TPS:DSD_PRICES_COICOP2018@DF_PRICES_C2018_ALL(1.0),JPN,M,N,CPI,IX,CP045,N,_Z,2019-12,100.4147,A,,2015,,2
OECD.SDD.TPS:DSD_PRICES_COICOP2018@DF_PRICES_C2018_ALL(1.0),JPN,M,N,CPI,IX,CP045,N,_Z,2019-11,100.6099,A,,2015,,2
OECD.SDD.TPS:DSD_PRICES_COICOP2018@DF_PRICES_C2018_ALL(1.0),JPN,M,N,CPI,IX,CP045,N,_Z,2019-10,99.24372,A,,2015,,2
OECD.SDD.TPS:DSD_PRICES_COICOP2018@DF_PRICES_C2018_ALL(1.0),JPN,M,N,CPI,IX,CP045,N,_Z,2019-09,99.43889,A,,2015,,2
OECD.SDD.TPS:DSD_PRICES_COICOP2018@DF_PRICES_C2018_ALL(1.0),JPN,M,N,CPI,IX,CP045,N,_Z,2019-08,100.2196,A,,2015,,2
OECD.SDD.TPS:DSD_PRICES_COICOP2018@DF_PRICES_C2018_ALL(1.0),JPN,M,N,CPI,IX,CP045,N,_Z,2019-07,100.8051,A,,2015,,2
OECD.SDD.TPS:DSD_PRICES_COICOP2018@DF_PRICES_C2018_ALL(1.0),JPN,M,N,CPI,IX,CP045,N,_Z,2019-06,101.293,A,,2015,,2
OECD.SDD.TPS:DSD_PRICES_COICOP2018@DF_PRICES_C2018_ALL(1.0),JPN,M,N,CPI,IX,CP045,N,_Z,2019-05,101.8785,A,,2015,,2
OECD.SDD.TPS:DSD_PRICES_COICOP2018@DF_PRICES_C2018_ALL(1.0),JPN,M,N,CPI,IX,CP045,N,_Z,2019-04,102.0737,A,,2015,,2
OECD.SDD.TPS:DSD_PRICES_COICOP2018@DF_PRICES_C2018_ALL(1.0),JPN,M,N,CPI,IX,CP045,N,_Z,2019-03,102.5616,A,,2015,,2
OECD.SDD.TPS:DSD_PRICES_COICOP2018@DF_PRICES_C2018_ALL(1.0),JPN,M,N,CPI,IX,CP045,N,_Z,2019-02,102.2688,A,,2015,,2
OECD.SDD.TPS:DSD_PRICES_COICOP2018@DF_PRICES_C2018_ALL(1.0),JPN,M,N,CPI,IX,CP045,N,_Z,2019-01,101.5858,A,,2015,,2
OECD.SDD.TPS:DSD_PRICES_COICOP2018@DF_PRICES_C2018_ALL(1.0),JPN,M,N,CPI,IX,CP045,N,_Z,2018-12,101.1954,A,,2015,,2
OECD.SDD.TPS:DSD_PRICES_COICOP2018@DF_PRICES_C2018_ALL(1.0),JPN,M,N,CPI,IX,CP045,N,_Z,2018-11,101.0978,A,,2015,,2
OECD.SDD.TPS:DSD_PRICES_COICOP2018@DF_PRICES_C2018_ALL(1.0),JPN,M,N,CPI,IX,CP045,N,_Z,2018-10,100.3172,A,,2015,,2
OECD.SDD.TPS:DSD_PRICES_COICOP2018@DF_PRICES_C2018_ALL(1.0),JPN,M,N,CPI,IX,CP045,N,_Z,2018-09,99.3413,A,,2015,,2
OECD.SDD.TPS:DSD_PRICES_COICOP2018@DF_PRICES_C2018_ALL(1.0),JPN,M,N,CPI,IX,CP045,N,_Z,2018-08,98.65821,A,,2015,,2
OECD.SDD.TPS:DSD_PRICES_COICOP2018@DF_PRICES_C2018_ALL(1.0),JPN,M,N,CPI,IX,CP045,N,_Z,2018-07,98.36546,A,,2015,,2
OECD.SDD.TPS:DSD_PRICES_COICOP2018@DF_PRICES_C2018_ALL(1.0),JPN,M,N,CPI,IX,CP045,N,_Z,2018-06,98.65821,A,,2015,,2
OECD.SDD.TPS:DSD_PRICES_COICOP2018@DF_PRICES_C2018_ALL(1.0),JPN,M,N,CPI,IX,CP045,N,_Z,2018-05,97.97511,A,,2015,,2
OECD.SDD.TPS:DSD_PRICES_COICOP2018@DF_PRICES_C2018_ALL(1.0),JPN,M,N,CPI,IX,CP045,N,_Z,2018-04,96.8041,A,,2015,,2
OECD.SDD.TPS:DSD_PRICES_COICOP2018@DF_PRICES_C2018_ALL(1.0),JPN,M,N,CPI,IX,CP045,N,_Z,2018-03,96.21859,A,,2015,,2
OECD.SDD.TPS:DSD_PRICES_COICOP2018@DF_PRICES_C2018_ALL(1.0),JPN,M,N,CPI,IX,CP045,N,_Z,2018-02,95.82825,A,,2015,,2
OECD.SDD.TPS:DSD_PRICES_COICOP2018@DF_PRICES_C2018_ALL(1.0),JPN,M,N,CPI,IX,CP045,N,_Z,2018-01,95.34032,A,,2015,,2
OECD.SDD.TPS:DSD_PRICES_COICOP2018@DF_PRICES_C2018_ALL(1.0),JPN,M,N,CPI,IX,CP045,N,_Z,2017-12,95.14516,A,,2015,,2
OECD.SDD.TPS:DSD_PRICES_COICOP2018@DF_PRICES_C2018_ALL(1.0),JPN,M,N,CPI,IX,CP045,N,_Z,2017-11,95.04757,A,,2015,,2
OECD.SDD.TPS:DSD_PRICES_COICOP2018@DF_PRICES_C2018_ALL(1.0),JPN,M,N,CPI,IX,CP045,N,_Z,2017-10,94.94999,A,,2015,,2
OECD.SDD.TPS:DSD_PRICES_COICOP2018@DF_PRICES_C2018_ALL(1.0),JPN,M,N,CPI,IX,CP045,N,_Z,2017-09,94.8524,A,,2015,,2
OECD.SDD.TPS:DSD_PRICES_COICOP2018@DF_PRICES_C2018_ALL(1.0),JPN,M,N,CPI,IX,CP045,N,_Z,2017-08,94.65723,A,,2015,,2
OECD.SDD.TPS:DSD_PRICES_COICOP2018@DF_PRICES_C2018_ALL(1.0),JPN,M,N,CPI,IX,CP045,N,_Z,2017-07,94.65723,A,,2015,,2
OECD.SDD.TPS:DSD_PRICES_COICOP2018@DF_PRICES_C2018_ALL(1.0),JPN,M,N,CPI,IX,CP045,N,_Z,2017-06,94.65723,A,,2015,,2
OECD.SDD.TPS:DSD_PRICES_COICOP2018@DF_PRICES_C2018_ALL(1.0),JPN,M,N,CPI,IX,CP045,N,_Z,2017-05,94.36448,A,,2015,,2
OECD.SDD.TPS:DSD_PRICES_COICOP2018@DF_PRICES_C2018_ALL(1.0),JPN,M,N,CPI,IX,CP045,N,_Z,2017-04,92.60796,A,,2015,,2
OECD.SDD.TPS:DSD_PRICES_COICOP2018@DF_PRICES_C2018_ALL(1.0),JPN,M,N,CPI,IX,CP045,N,_Z,2017-03,91.53452,A,,2015,,2
OECD.SDD.TPS:DSD_PRICES_COICOP2018@DF_PRICES_C2018_ALL(1.0),JPN,M,N,CPI,IX,CP045,N,_Z,2017-02,90.75385,A,,2015,,2
OECD.SDD.TPS:DSD_PRICES_COICOP2018@DF_PRICES_C2018_ALL(1.0),JPN,M,N,CPI,IX,CP045,N,_Z,2017-01,90.07075,A,,2015,,2
OECD.SDD.TPS:DSD_PRICES_COICOP2018@DF_PRICES_C2018_ALL(1.0),JPN,M,N,CPI,IX,CP045,N,_Z,2016-12,89.19249,A,,2015,,2
OECD.SDD.TPS:DSD_PRICES_COICOP2018@DF_PRICES_C2018_ALL(1.0),JPN,M,N,CPI,IX,CP045,N,_Z,2016-11,88.21664,A,,2015,,2
OECD.SDD.TPS:DSD_PRICES_COICOP2018@DF_PRICES_C2018_ALL(1.0),JPN,M,N,CPI,IX,CP045,N,_Z,2016-10,87.92388,A,,2015,,2
OECD.SDD.TPS:DSD_PRICES_COICOP2018@DF_PRICES_C2018_ALL(1.0),JPN,M,N,CPI,IX,CP045,N,_Z,2016-09,88.02147,A,,2015,,2
OECD.SDD.TPS:DSD_PRICES_COICOP2018@DF_PRICES_C2018_ALL(1.0),JPN,M,N,CPI,IX,CP045,N,_Z,2016-08,88.70456,A,,2015,,2
OECD.SDD.TPS:DSD_PRICES_COICOP2018@DF_PRICES_C2018_ALL(1.0),JPN,M,N,CPI,IX,CP045,N,_Z,2016-07,89.68041,A,,2015,,2
OECD.SDD.TPS:DSD_PRICES_COICOP2018@DF_PRICES_C2018_ALL(1.0),JPN,M,N,CPI,IX,CP045,N,_Z,2016-06,90.65626,A,,2015,,2
OECD.SDD.TPS:DSD_PRICES_COICOP2018@DF_PRICES_C2018_ALL(1.0),JPN,M,N,CPI,IX,CP01,N,_Z,2019-08,104.6284,A,,2015,,2
OECD.SDD.TPS:DSD_PRICES_COICOP2018@DF_PRICES_C2018_ALL(1.0),JPN,M,N,CPI,IX,CP01,N,_Z,2019-07,104.2052,A,,2015,,2
OECD.SDD.TPS:DSD_PRICES_COICOP2018@DF_PRICES_C2018_ALL(1.0),JPN,M,N,CPI,IX,CP01,N,_Z,2019-06,104.0994,A,,2015,,2
OECD.SDD.TPS:DSD_PRICES_COICOP2018@DF_PRICES_C2018_ALL(1.0),JPN,M,N,CPI,IX,CP01,N,_Z,2019-05,103.7821,A,,2015,,2
OECD.SDD.TPS:DSD_PRICES_COICOP2018@DF_PRICES_C2018_ALL(1.0),JPN,M,N,CPI,IX,CP01,N,_Z,2019-04,103.6763,A,,2015,,2
OECD.SDD.TPS:DSD_PRICES_COICOP2018@DF_PRICES_C2018_ALL(1.0),JPN,M,N,CPI,IX,CP01,N,_Z,2019-03,103.6763,A,,2015,,2
OECD.SDD.TPS:DSD_PRICES_COICOP2018@DF_PRICES_C2018_ALL(1.0),JPN,M,N,CPI,IX,CP01,N,_Z,2019-02,104.0994,A,,2015,,2
OECD.SDD.TPS:DSD_PRICES_COICOP2018@DF_PRICES_C2018_ALL(1.0),JPN,M,N,CPI,IX,CP01,N,_Z,2019-01,104.84,A,,2015,,2
OECD.SDD.TPS:DSD_PRICES_COICOP2018@DF_PRICES_C2018_ALL(1.0),JPN,M,N,CPI,IX,CP01,N,_Z,2018-12,103.3589,A,,2015,,2
OECD.SDD.TPS:DSD_PRICES_COICOP2018@DF_PRICES_C2018_ALL(1.0),JPN,M,N,CPI,IX,_T,N,_Z,2026-06,115.7945,A,,2015,,2
OECD.SDD.TPS:DSD_PRICES_COICOP2018@DF_PRICES_C2018_ALL(1.0),JPN,M,N,CPI,IX,_T,N,_Z,2026-05,115.6805,A,,2015,,2
OECD.SDD.TPS:DSD_PRICES_COICOP2018@DF_PRICES_C2018_ALL(1.0),JPN,M,N,CPI,IX,_T,N,_Z,2026-04,115.1106,A,,2015,,2
OECD.SDD.TPS:DSD_PRICES_COICOP2018@DF_PRICES_C2018_ALL(1.0),JPN,M,N,CPI,IX,_T,N,_Z,2026-03,114.6548,A,,2015,,2
OECD.SDD.TPS:DSD_PRICES_COICOP2018@DF_PRICES_C2018_ALL(1.0),JPN,M,N,CPI,IX,_T,N,_Z,2026-02,114.1989,A,,2015,,2
OECD.SDD.TPS:DSD_PRICES_COICOP2018@DF_PRICES_C2018_ALL(1.0),JPN,M,N,CPI,IX,_T,N,_Z,2026-01,114.8827,A,,2015,,2
OECD.SDD.TPS:DSD_PRICES_COICOP2018@DF_PRICES_C2018_ALL(1.0),JPN,M,N,CPI,IX,_T,N,_Z,2025-12,114.9967,A,,2015,,2
OECD.SDD.TPS:DSD_PRICES_COICOP2018@DF_PRICES_C2018_ALL(1.0),JPN,M,N,CPI,IX,_T,N,_Z,2025-11,115.1106,A,,2015,,2
OECD.SDD.TPS:DSD_PRICES_COICOP2018@DF_PRICES_C2018_ALL(1.0),JPN,M,N,CPI,IX,_T,N,_Z,2025-10,114.7687,A,,2015,,2
OECD.SDD.TPS:DSD_PRICES_COICOP2018@DF_PRICES_C2018_ALL(1.0),JPN,M,N,CPI,IX,_T,N,_Z,2025-09,114.0849,A,,2015,,2
OECD.SDD.TPS:DSD_PRICES_COICOP2018@DF_PRICES_C2018_ALL(1.0),JPN,M,N,CPI,IX,_T,N,_Z,2025-08,114.3129,A,,2015,,2
OECD.SDD.TPS:DSD_PRICES_COICOP2018@DF_PRICES_C2018_ALL(1.0),JPN,M,N,CPI,IX,_T,N,_Z,2025-07,114.0849,A,,2015,,2
OECD.SDD.TPS:DSD_PRICES_COICOP2018@DF_PRICES_C2018_ALL(1.0),JPN,M,N,CPI,IX,_T,N,_Z,2025-06,113.857,A,,2015,,2
OECD.SDD.TPS:DSD_PRICES_COICOP2018@DF_PRICES_C2018_ALL(1.0),JPN,M,N,CPI,IX,_T,N,_Z,2025-05,113.9709,A,,2015,,2
OECD.SDD.TPS:DSD_PRICES_COICOP2018@DF_PRICES_C2018_ALL(1.0),JPN,M,N,CPI,IX,_T,N,_Z,2025-04,113.629,A,,2015,,2
OECD.SDD.TPS:DSD_PRICES_COICOP2018@DF_PRICES_C2018_ALL(1.0),JPN,M,N,CPI,IX,_T,N,_Z,2025-03,113.0592,A,,2015,,2
OECD.SDD.TPS:DSD_PRICES_COICOP2018@DF_PRICES_C2018_ALL(1.0),JPN,M,N,CPI,IX,_T,N,_Z,2025-02,112.7173,A,,2015,,2
OECD.SDD.TPS:DSD_PRICES_COICOP2018@DF_PRICES_C2018_ALL(1.0),JPN,M,N,CPI,IX,_T,N,_Z,2025-01,113.1731,A,,2015,,2
OECD.SDD.TPS:DSD_PRICES_COICOP2018@DF_PRICES_C2018_ALL(1.0),JPN,M,N,CPI,IX,_T,N,_Z,2024-12,112.7173,A,,2015,,2
OECD.SDD.TPS:DSD_PRICES_COICOP2018@DF_PRICES_C2018_ALL(1.0),JPN,M,N,CPI,IX,_T,N,_Z,2024-11,112.0334,A,,2015,,2
OECD.SDD.TPS:DSD_PRICES_COICOP2018@DF_PRICES_C2018_ALL(1.0),JPN,M,N,CPI,IX,_T,N,_Z,2024-10,111.5775,A,,2015,,2
OECD.SDD.TPS:DSD_PRICES_COICOP2018@DF_PRICES_C2018_ALL(1.0),JPN,M,N,CPI,IX,_T,N,_Z,2024-09,110.8937,A,,2015,,2
OECD.SDD.TPS:DSD_PRICES_COICOP2018@DF_PRICES_C2018_ALL(1.0),JPN,M,N,CPI,IX,_T,N,_Z,2024-08,111.1217,A,,2015,,2
OECD.SDD.TPS:DSD_PRICES_COICOP2018@DF_PRICES_C2018_ALL(1.0),JPN,M,N,CPI,IX,_T,N,_Z,2024-07,110.5518,A,,2015,,2
OECD.SDD.TPS:DSD_PRICES_COICOP2018@DF_PRICES_C2018_ALL(1.0),JPN,M,N,CPI,IX,_T,N,_Z,2024-06,110.0959,A,,2015,,2
OECD.SDD.TPS:DSD_PRICES_COICOP2018@DF_PRICES_C2018_ALL(1.0),JPN,M,N,CPI,IX,_T,N,_Z,2024-05,109.982,A,,2015,,2
OECD.SDD.TPS:DSD_PRICES_COICOP2018@DF_PRICES_C2018_ALL(1.0),JPN,M,N,CPI,IX,_T,N,_Z,2024-04,109.64,A,,2015,,2
OECD.SDD.TPS:DSD_PRICES_COICOP2018@DF_PRICES_C2018_ALL(1.0),JPN,M,N,CPI,IX,_T,N,_Z,2024-03,109.1842,A,,2015,,2
OECD.SDD.TPS:DSD_PRICES_COICOP2018@DF_PRICES_C2018_ALL(1.0),JPN,M,N,CPI,IX,_T,N,_Z,2024-02,108.8422,A,,2015,,2
OECD.SDD.TPS:DSD_PRICES_COICOP2018@DF_PRICES_C2018_ALL(1.0),JPN,M,N,CPI,IX,_T,N,_Z,2024-01,108.8422,A,,2015,,2
OECD.SDD.TPS:DSD_PRICES_COICOP2018@DF_PRICES_C2018_ALL(1.0),JPN,M,N,CPI,IX,_T,N,_Z,2023-12,108.7283,A,,2015,,2
OECD.SDD.TPS:DSD_PRICES_COICOP2018@DF_PRICES_C2018_ALL(1.0),JPN,M,N,CPI,IX,_T,N,_Z,2023-11,108.8422,A,,2015,,2
OECD.SDD.TPS:DSD_PRICES_COICOP2018@DF_PRICES_C2018_ALL(1.0),JPN,M,N,CPI,IX,_T,N,_Z,2023-10,109.0702,A,,2015,,2
OECD.SDD.TPS:DSD_PRICES_COICOP2018@DF_PRICES_C2018_ALL(1.0),JPN,M,N,CPI,IX,_T,N,_Z,2023-09,108.1584,A,,2015,,2
OECD.SDD.TPS:DSD_PRICES_COICOP2018@DF_PRICES_C2018_ALL(1.0),JPN,M,N,CPI,IX,_T,N,_Z,2023-08,107.8165,A,,2015,,2
OECD.SDD.TPS:DSD_PRICES_COICOP2018@DF_PRICES_C2018_ALL(1.0),JPN,M,N,CPI,IX,_T,N,_Z,2023-07,107.5886,A,,2015,,2
OECD.SDD.TPS:DSD_PRICES_COICOP2018@DF_PRICES_C2018_ALL(1.0),JPN,M,N,CPI,IX,_T,N,_Z,2023-06,107.1327,A,,2015,,2
OECD.SDD.TPS:DSD_PRICES_COICOP2018@DF_PRICES_C2018_ALL(1.0),JPN,M,N,CPI,IX,_T,N,_Z,2023-05,107.0187,A,,2015,,2
OECD.SDD.TPS:DSD_PRICES_COICOP2018@DF_PRICES_C2018_ALL(1.0),JPN,M,N,CPI,IX,_T,N,_Z,2023-04,106.9047,A,,2015,,2
OECD.SDD.TPS:DSD_PRICES_COICOP2018@DF_PRICES_C2018_ALL(1.0),JPN,M,N,CPI,IX,_T,N,_Z,2023-03,106.3349,A,,2015,,2
OECD.SDD.TPS:DSD_PRICES_COICOP2018@DF_PRICES_C2018_ALL(1.0),JPN,M,N,CPI,IX,_T,N,_Z,2023-02,105.879,A,,2015,,2
OECD.SDD.TPS:DSD_PRICES_COICOP2018@DF_PRICES_C2018_ALL(1.0),JPN,M,N,CPI,IX,_T,N,_Z,2023-01,106.5628,A,,2015,,2
OECD.SDD.TPS:DSD_PRICES_COICOP2018@DF_PRICES_C2018_ALL(1.0),JPN,M,N,CPI,IX,_T,N,_Z,2022-12,105.993,A,,2015,,2
OECD.SDD.TPS:DSD_PRICES_COICOP2018@DF_PRICES_C2018_ALL(1.0),JPN,M,N,CPI,IX,_T,N,_Z,2022-11,105.765,A,,2015,,2
OECD.SDD.TPS:DSD_PRICES_COICOP2018@DF_PRICES_C2018_ALL(1.0),JPN,M,N,CPI,IX,CP01,N,_Z,2014-05,97.01138,A,,2015,,2
OECD.SDD.TPS:DSD_PRICES_COICOP2018@DF_PRICES_C2018_ALL(1.0),JPN,M,N,CPI,IX,CP01,N,_Z,2014-04,96.90558,A,,2015,,2
OECD.SDD.TPS:DSD_PRICES_COICOP2018@DF_PRICES_C2018_ALL(1.0),JPN,M,N,CPI,IX,CP01,N,_Z,2014-03,94.57816,A,,2015,,2
OECD.SDD.TPS:DSD_PRICES_COICOP2018@DF_PRICES_C2018_ALL(1.0),JPN,M,N,CPI,IX,CP01,N,_Z,2014-02,94.68394,A,,2015,,2
OECD.SDD.TPS:DSD_PRICES_COICOP2018@DF_PRICES_C2018_ALL(1.0),JPN,M,N,CPI,IX,CP01,N,_Z,2014-01,95.00132,A,,2015,,2
OECD.SDD.TPS:DSD_PRICES_COICOP2018@DF_PRICES_C2018_ALL(1.0),JPN,M,N,CPI,IX,_T,N,_Z,2022-05,103.7136,A,,2015,,2
OECD.SDD.TPS:DSD_PRICES_COICOP2018@DF_PRICES_C2018_ALL(1.0),JPN,M,N,CPI,IX,_T,N,_Z,2022-04,103.3716,A,,2015,,2
OECD.SDD.TPS:DSD_PRICES_COICOP2018@DF_PRICES_C2018_ALL(1.0),JPN,M,N,CPI,IX,_T,N,_Z,2022-03,102.9158,A,,2015,,2
OECD.SDD.TPS:DSD_PRICES_COICOP2018@DF_PRICES_C2018_ALL(1.0),JPN,M,N,CPI,IX,_T,N,_Z,2022-02,102.5738,A,,2015,,2
OECD.SDD.TPS:DSD_PRICES_COICOP2018@DF_PRICES_C2018_ALL(1.0),JPN,M,N,CPI,IX,_T,N,_Z,2022-01,102.118,A,,2015,,2
OECD.SDD.TPS:DSD_PRICES_COICOP2018@DF_PRICES_C2018_ALL(1.0),JPN,M,N,CPI,IX,_T,N,_Z,2021-12,101.89,A,,2015,,2
OECD.SDD.TPS:DSD_PRICES_COICOP2018@DF_PRICES_C2018_ALL(1.0),JPN,M,N,CPI,IX,_T,N,_Z,2021-11,101.89,A,,2015,,2
OECD.SDD.TPS:DSD_PRICES_COICOP2018@DF_PRICES_C2018_ALL(1.0),JPN,M,N,CPI,IX,_T,N,_Z,2021-10,101.776,A,,2015,,2
OECD.SDD.TPS:DSD_PRICES_COICOP2018@DF_PRICES_C2018_ALL(1.0),JPN,M,N,CPI,IX,_T,N,_Z,2021-09,101.89,A,,2015,,2
OECD.SDD.TPS:DSD_PRICES_COICOP2018@DF_PRICES_C2018_ALL(1.0),JPN,M,N,CPI,IX,_T,N,_Z,2021-08,101.5481,A,,2015,,2
OECD.SDD.TPS:DSD_PRICES_COICOP2018@DF_PRICES_C2018_ALL(1.0),JPN,M,N,CPI,IX,_T,N,_Z,2021-07,101.5481,A,,2015,,2
OECD.SDD.TPS:DSD_PRICES_COICOP2018@DF_PRICES_C2018_ALL(1.0),JPN,M,N,CPI,IX,_T,N,_Z,2021-06,101.3202,A,,2015,,2
OECD.SDD.TPS:DSD_PRICES_COICOP2018@DF_PRICES_C2018_ALL(1.0),JPN,M,N,CPI,IX,_T,N,_Z,2021-05,101.2062,A,,2015,,2
OECD.SDD.TPS:DSD_PRICES_COICOP2018@DF_PRICES_C2018_ALL(1.0),JPN,M,N,CPI,IX,_T,N,_Z,2021-04,100.8643,A,,2015,,2
OECD.SDD.TPS:DSD_PRICES_COICOP2018@DF_PRICES_C2018_ALL(1.0),JPN,M,N,CPI,IX,_T,N,_Z,2021-03,101.6621,A,,2015,,2
OECD.SDD.TPS:DSD_PRICES_COICOP2018@DF_PRICES_C2018_ALL(1.0),JPN,M,N,CPI,IX,_T,N,_Z,2021-02,101.5481,A,,2015,,2
OECD.SDD.TPS:DSD_PRICES_COICOP2018@DF_PRICES_C2018_ALL(1.0),JPN,M,N,CPI,IX,_T,N,_Z,2021-01,101.6621,A,,2015,,2
OECD.SDD.TPS:DSD_PRICES_COICOP2018@DF_PRICES_C2018_ALL(1.0),JPN,M,N,CPI,IX,_T,N,_Z,2020-12,101.0922,A,,2015,,2
OECD.SDD.TPS:DSD_PRICES_COICOP2018@DF_PRICES_C2018_ALL(1.0),JPN,M,N,CPI,IX,_T,N,_Z,2020-11,101.3202,A,,2015,,2
OECD.SDD.TPS:DSD_PRICES_COICOP2018@DF_PRICES_C2018_ALL(1.0),JPN,M,N,CPI,IX,_T,N,_Z,2020-10,101.6621,A,,2015,,2
OECD.SDD.TPS:DSD_PRICES_COICOP2018@DF_PRICES_C2018_ALL(1.0),JPN,M,N,CPI,IX,_T,N,_Z,2020-09,101.6621,A,,2015,,2
OECD.SDD.TPS:DSD_PRICES_COICOP2018@DF_PRICES_C2018_ALL(1.0),JPN,M,N,CPI,IX,_T,N,_Z,2020-08,101.89,A,,2015,,2
OECD.SDD.TPS:DSD_PRICES_COICOP2018@DF_PRICES_C2018_ALL(1.0),JPN,M,N,CPI,IX,_T,N,_Z,2020-07,101.776,A,,2015,,2
OECD.SDD.TPS:DSD_PRICES_COICOP2018@DF_PRICES_C2018_ALL(1.0),JPN,M,N,CPI,IX,_T,N,_Z,2020-06,101.776,A,,2015,,2
OECD.SDD.TPS:DSD_PRICES_COICOP2018@DF_PRICES_C2018_ALL(1.0),JPN,M,N,CPI,IX,_T,N,_Z,2020-05,102.004,A,,2015,,2
OECD.SDD.TPS:DSD_PRICES_COICOP2018@DF_PRICES_C2018_ALL(1.0),JPN,M,N,CPI,IX,_T,N,_Z,2020-04,102.004,A,,2015,,2
OECD.SDD.TPS:DSD_PRICES_COICOP2018@DF_PRICES_C2018_ALL(1.0),JPN,M,N,CPI,IX,_T,N,_Z,2020-03,102.118,A,,2015,,2
OECD.SDD.TPS:DSD_PRICES_COICOP2018@DF_PRICES_C2018_ALL(1.0),JPN,M,N,CPI,IX,_T,N,_Z,2020-02,102.118,A,,2015,,2
OECD.SDD.TPS:DSD_PRICES_COICOP2018@DF_PRICES_C2018_ALL(1.0),JPN,M,N,CPI,IX,_T,N,_Z,2020-01,102.3459,A,,2015,,2
OECD.SDD.TPS:DSD_PRICES_COICOP2018@DF_PRICES_C2018_ALL(1.0),JPN,M,N,CPI,IX,_T,N,_Z,2019-12,102.2319,A,,2015,,2
OECD.SDD.TPS:DSD_PRICES_COICOP2018@DF_PRICES_C2018_ALL(1.0),JPN,M,N,CPI,IX,_T,N,_Z,2019-11,102.3459,A,,2015,,2
OECD.SDD.TPS:DSD_PRICES_COICOP2018@DF_PRICES_C2018_ALL(1.0),JPN,M,N,CPI,IX,_T,N,_Z,2019-10,102.2319,A,,2015,,2
OECD.SDD.TPS:DSD_PRICES_COICOP2018@DF_PRICES_C2018_ALL(1.0),JPN,M,N,CPI,IX,_T,N,_Z,2019-09,101.89,A,,2015,,2
OECD.SDD.TPS:DSD_PRICES_COICOP2018@DF_PRICES_C2018_ALL(1.0),JPN,M,N,CPI,IX,_T,N,_Z,2019-08,101.89,A,,2015,,2
OECD.SDD.TPS:DSD_PRICES_COICOP2018@DF_PRICES_C2018_ALL(1.0),JPN,M,N,CPI,IX,_T,N,_Z,2019-07,101.5481,A,,2015,,2
OECD.SDD.TPS:DSD_PRICES_COICOP2018@DF_PRICES_C2018_ALL(1.0),JPN,M,N,CPI,IX,_T,N,_Z,2019-06,101.6621,A,,2015,,2
OECD.SDD.TPS:DSD_PRICES_COICOP2018@DF_PRICES_C2018_ALL(1.0),JPN,M,N,CPI,IX,_T,N,_Z,2019-05,101.776,A,,2015,,2
OECD.SDD.TPS:DSD_PRICES_COICOP2018@DF_PRICES_C2018_ALL(1.0),JPN,M,N,CPI,IX,_T,N,_Z,2019-04,101.776,A,,2015,,2
OECD.SDD.TPS:DSD_PRICES_COICOP2018@DF_PRICES_C2018_ALL(1.0),JPN,M,N,CPI,IX,_T,N,_Z,2019-03,101.5481,A,,2015,,2
OECD.SDD.TPS:DSD_PRICES_COICOP2018@DF_PRICES_C2018_ALL(1.0),JPN,M,N,CPI,IX,_T,N,_Z,2019-02,101.5481,A,,2015,,2
OECD.SDD.TPS:DSD_PRICES_COICOP2018@DF_PRICES_C2018_ALL(1.0),JPN,M,N,CPI,IX,_T,N,_Z,2019-01,101.5481,A,,2015,,2
OECD.SDD.TPS:DSD_PRICES_COICOP2018@DF_PRICES_C2018_ALL(1.0),JPN,M,N,CPI,IX,_T,N,_Z,2018-12,101.4341,A,,2015,,2
OECD.SDD.TPS:DSD_PRICES_COICOP2018@DF_PRICES_C2018_ALL(1.0),JPN,M,N,CPI,IX,_T,N,_Z,2018-11,101.776,A,,2015,,2
OECD.SDD.TPS:DSD_PRICES_COICOP2018@DF_PRICES_C2018_ALL(1.0),JPN,M,N,CPI,IX,_T,N,_Z,2018-10,102.004,A,,2015,,2
OECD.SDD.TPS:DSD_PRICES_COICOP2018@DF_PRICES_C2018_ALL(1.0),JPN,M,N,CPI,IX,_T,N,_Z,2018-09,101.6621,A,,2015,,2
OECD.SDD.TPS:DSD_PRICES_COICOP2018@DF_PRICES_C2018_ALL(1.0),JPN,M,N,CPI,IX,_T,N,_Z,2018-08,101.5481,A,,2015,,2
OECD.SDD.TPS:DSD_PRICES_COICOP2018@DF_PRICES_C2018_ALL(1.0),JPN,M,N,CPI,IX,_T,N,_Z,2018-07,100.9782,A,,2015,,2
OECD.SDD.TPS:DSD_PRICES_COICOP2018@DF_PRICES_C2018_ALL(1.0),JPN,M,N,CPI,IX,_T,N,_Z,2018-06,100.9782,A,,2015,,2
OECD.SDD.TPS:DSD_PRICES_COICOP2018@DF_PRICES_C2018_ALL(1.0),JPN,M,N,CPI,IX,_T,N,_Z,2018-05,101.0922,A,,2015,,2
OECD.SDD.TPS:DSD_PRICES_COICOP2018@DF_PRICES_C2018_ALL(1.0),JPN,M,N,CPI,IX,_T,N,_Z,2018-04,100.8643,A,,2015,,2
OECD.SDD.TPS:DSD_PRICES_COICOP2018@DF_PRICES_C2018_ALL(1.0),JPN,M,N,CPI,IX,_T,N,_Z,2018-03,100.9782,A,,2015,,2
OECD.SDD.TPS:DSD_PRICES_COICOP2018@DF_PRICES_C2018_ALL(1.0),JPN,M,N,CPI,IX,_T,N,_Z,2018-02,101.3202,A,,2015,,2
OECD.SDD.TPS:DSD_PRICES_COICOP2018@DF_PRICES_C2018_ALL(1.0),JPN,M,N,CPI,IX,_T,N,_Z,2018-01,101.3202,A,,2015,,2
OECD.SDD.TPS:DSD_PRICES_COICOP2018@DF_PRICES_C2018_ALL(1.0),JPN,M,N,CPI,IX,_T,N,_Z,2017-12,101.2062,A,,2015,,2
OECD.SDD.TPS:DSD_PRICES_COICOP2018@DF_PRICES_C2018_ALL(1.0),JPN,M,N,CPI,IX,_T,N,_Z,2017-11,100.9782,A,,2015,,2
OECD.SDD.TPS:DSD_PRICES_COICOP2018@DF_PRICES_C2018_ALL(1.0),JPN,M,N,CPI,IX,_T,N,_Z,2017-10,100.6363,A,,2015,,2
OECD.SDD.TPS:DSD_PRICES_COICOP2018@DF_PRICES_C2018_ALL(1.0),JPN,M,N,CPI,IX,_T,N,_Z,2017-09,100.5224,A,,2015,,2
OECD.SDD.TPS:DSD_PRICES_COICOP2018@DF_PRICES_C2018_ALL(1.0),JPN,M,N,CPI,IX,_T,N,_Z,2017-08,100.2944,A,,2015,,2
OECD.SDD.TPS:DSD_PRICES_COICOP2018@DF_PRICES_C2018_ALL(1.0),JPN,M,N,CPI,IX,_T,N,_Z,2017-07,100.0665,A,,2015,,2
OECD.SDD.TPS:DSD_PRICES_COICOP2018@DF_PRICES_C2018_ALL(1.0),JPN,M,N,CPI,IX,CP01,N,_Z,2023-10,124.7695,A,,2015,,2
OECD.SDD.TPS:DSD_PRICES_COICOP2018@DF_PRICES_C2018_ALL(1.0),JPN,M,N,CPI,IX,CP01,N,_Z,2023-09,123.276,A,,2015,,2
OECD.SDD.TPS:DSD_PRICES_COICOP2018@DF_PRICES_C2018_ALL(1.0),JPN,M,N,CPI,IX,CP01,N,_Z,2023-08,121.2395,A,,2015,,2
OECD.SDD.TPS:DSD_PRICES_COICOP2018@DF_PRICES_C2018_ALL(1.0),JPN,M,N,CPI,IX,CP01,N,_Z,2023-07,120.6965,A,,2015,,2
OECD.SDD.TPS:DSD_PRICES_COICOP2018@DF_PRICES_C2018_ALL(1.0),JPN,M,N,CPI,IX,CP01,N,_Z,2023-06,119.6103,A,,2015,,2
OECD.SDD.TPS:DSD_PRICES_COICOP2018@DF_PRICES_C2018_ALL(1.0),JPN,M,N,CPI,IX,CP01,N,_Z,2023-05,119.6103,A,,2015,,2
OECD.SDD.TPS:DSD_PRICES_COICOP2018@DF_PRICES_C2018_ALL(1.0),JPN,M,N,CPI,IX,CP01,N,_Z,2023-04,118.9315,A,,2015,,2
OECD.SDD.TPS:DSD_PRICES_COICOP2018@DF_PRICES_C2018_ALL(1.0),JPN,M,N,CPI,IX,CP01,N,_Z,2023-03,117.4381,A,,2015,,2
OECD.SDD.TPS:DSD_PRICES_COICOP2018@DF_PRICES_C2018_ALL(1.0),JPN,M,N,CPI,IX,CP01,N,_Z,2023-02,117.0308,A,,2015,,2
OECD.SDD.TPS:DSD_PRICES_COICOP2018@DF_PRICES_C2018_ALL(1.0),JPN,M,N,CPI,IX,CP01,N,_Z,2023-01,116.4877,A,,2015,,2
OECD.SDD.TPS:DSD_PRICES_COICOP2018@DF_PRICES_C2018_ALL(1.0),JPN,M,N,CPI,IX,CP01,N,_Z,2022-12,114.587,A,,2015,,2
OECD.SDD.TPS:DSD_PRICES_COICOP2018@DF_PRICES_C2018_ALL(1.0),JPN,M,N,CPI,IX,CP01,N,_Z,2022-11,114.4512,A,,2015,,2
OECD.SDD.TPS:DSD_PRICES_COICOP2018@DF_PRICES_C2018_ALL(1.0),JPN,M,N,CPI,IX,CP01,N,_Z,2022-10,113.7724,A,,2015,,2
OECD.SDD.TPS:DSD_PRICES_COICOP2018@DF_PRICES_C2018_ALL(1.0),JPN,M,N,CPI,IX,CP01,N,_Z,2022-09,112.2789,A,,2015,,2
OECD.SDD.TPS:DSD_PRICES_COICOP2018@DF_PRICES_C2018_ALL(1.0),JPN,M,N,CPI,IX,CP01,N,_Z,2022-08,111.057,A,,2015,,2
OECD.SDD.TPS:DSD_PRICES_COICOP2018@DF_PRICES_C2018_ALL(1.0),JPN,M,N,CPI,IX,CP01,N,_Z,2022-07,110.3782,A,,2015,,2
OECD.SDD.TPS:DSD_PRICES_COICOP2018@DF_PRICES_C2018_ALL(1.0),JPN,M,N,CPI,IX,CP01,N,_Z,2022-06,109.9709,A,,2015,,2
OECD.SDD.TPS:DSD_PRICES_COICOP2018@DF_PRICES_C2018_ALL(1.0),JPN,M,N,CPI,IX,CP01,N,_Z,2022-05,109.8351,A,,2015,,2
OECD.SDD.TPS:DSD_PRICES_COICOP2018@DF_PRICES_C2018_ALL(1.0),JPN,M,N,CPI,IX,CP01,N,_Z,2022-04,109.2921,A,,2015,,2
OECD.SDD.TPS:DSD_PRICES_COICOP2018@DF_PRICES_C2018_ALL(1.0),JPN,M,N,CPI,IX,CP01,N,_Z,2022-03,108.8848,A,,2015,,2
OECD.SDD.TPS:DSD_PRICES_COICOP2018@DF_PRICES_C2018_ALL(1.0),JPN,M,N,CPI,IX,CP01,N,_Z,2022-02,108.749,A,,2015,,2
OECD.SDD.TPS:DSD_PRICES_COICOP2018@DF_PRICES_C2018_ALL(1.0),JPN,M,N,CPI,IX,CP01,N,_Z,2022-01,108.3417,A,,2015,,2
OECD.SDD.TPS:DSD_PRICES_COICOP2018@DF_PRICES_C2018_ALL(1.0),JPN,M,N,CPI,IX,CP01,N,_Z,2021-12,106.8483,A,,2015,,2
OECD.SDD.TPS:DSD_PRICES_COICOP2018@DF_PRICES_C2018_ALL(1.0),JPN,M,N,CPI,IX,CP01,N,_Z,2021-11,106.7125,A,,2015,,2
OECD.SDD.TPS:DSD_PRICES_COICOP2018@DF_PRICES_C2018_ALL(1.0),JPN,M,N,CPI,IX,CP01,N,_Z,2021-10,106.8483,A,,2015,,2
OECD.SDD.TPS:DSD_PRICES_COICOP2018@DF_PRICES_C2018_ALL(1.0),JPN,M,N,CPI,IX,CP01,N,_Z,2021-09,107.5271,A,,2015,,2
OECD.SDD.TPS:DSD_PRICES_COICOP2018@DF_PRICES_C2018_ALL(1.0),JPN,M,N,CPI,IX,CP01,N,_Z,2021-08,105.6264,A,,2015,,2
OECD.SDD.TPS:DSD_PRICES_COICOP2018@DF_PRICES_C2018_ALL(1.0),JPN,M,N,CPI,IX,CP01,N,_Z,2021-07,105.2191,A,,2015,,2
OECD.SDD.TPS:DSD_PRICES_COICOP2018@DF_PRICES_C2018_ALL(1.0),JPN,M,N,CPI,IX,CP01,N,_Z,2021-06,105.6264,A,,2015,,2
OECD.SDD.TPS:DSD_PRICES_COICOP2018@DF_PRICES_C2018_ALL(1.0),JPN,M,N,CPI,IX,CP01,N,_Z,2021-05,104.9475,A,,2015,,2
OECD.SDD.TPS:DSD_PRICES_COICOP2018@DF_PRICES_C2018_ALL(1.0),JPN,M,N,CPI,IX,CP01,N,_Z,2021-04,104.4045,A,,2015,,2
OECD.SDD.TPS:DSD_PRICES_COICOP2018@DF_PRICES_C2018_ALL(1.0),JPN,M,N,CPI,IX,CP01,N,_Z,2021-03,104.676,A,,2015,,2
OECD.SDD.TPS:DSD_PRICES_COICOP2018@DF_PRICES_C2018_ALL(1.0),JPN,M,N,CPI,IX,CP01,N,_Z,2021-02,105.0833,A,,2015,,2
OECD.SDD.TPS:DSD_PRICES_COICOP2018@DF_PRICES_C2018_ALL(1.0),JPN,M,N,CPI,IX,CP01,N,_Z,2021-01,105.7621,A,,2015,,2
OECD.SDD.TPS:DSD_PRICES_COICOP2018@DF_PRICES_C2018_ALL(1.0),JPN,M,N,CPI,IX,CP01,N,_Z,2020-12,104.2687,A,,2015,,2
OECD.SDD.TPS:DSD_PRICES_COICOP2018@DF_PRICES_C2018_ALL(1.0),JPN,M,N,CPI,IX,CP01,N,_Z,2020-11,105.0833,A,,2015,,2
OECD.SDD.TPS:DSD_PRICES_COICOP2018@DF_PRICES_C2018_ALL(1.0),JPN,M,N,CPI,IX,CP01,N,_Z,2020-10,106.3052,A,,2015,,2
OECD.SDD.TPS:DSD_PRICES_COICOP2018@DF_PRICES_C2018_ALL(1.0),JPN,M,N,CPI,IX,CP01,N,_Z,2020-09,106.5767,A,,2015,,2
OECD.SDD.TPS:DSD_PRICES_COICOP2018@DF_PRICES_C2018_ALL(1.0),JPN,M,N,CPI,IX,CP01,N,_Z,2020-08,107.2556,A,,2015,,2
OECD.SDD.TPS:DSD_PRICES_COICOP2018@DF_PRICES_C2018_ALL(1.0),JPN,M,N,CPI,IX,CP01,N,_Z,2020-07,106.1694,A,,2015,,2
OECD.SDD.TPS:DSD_PRICES_COICOP2018@DF_PRICES_C2018_ALL(1.0),JPN,M,N,CPI,IX,CP01,N,_Z,2020-06,105.6264,A,,2015,,2
OECD.SDD.TPS:DSD_PRICES_COICOP2018@DF_PRICES_C2018_ALL(1.0),JPN,M,N,CPI,IX,CP01,N,_Z,2020-05,106.1694,A,,2015,,2
OECD.SDD.TPS:DSD_PRICES_COICOP2018@DF_PRICES_C2018_ALL(1.0),JPN,M,N,CPI,IX,CP01,N,_Z,2020-04,106.1694,A,,2015,,2
OECD.SDD.TPS:DSD_PRICES_COICOP2018@DF_PRICES_C2018_ALL(1.0),JPN,M,N,CPI,IX,CP01,N,_Z,2020-03,105.0833,A,,2015,,2
OECD.SDD.TPS:DSD_PRICES_COICOP2018@DF_PRICES_C2018_ALL(1.0),JPN,M,N,CPI,IX,CP01,N,_Z,2020-02,105.2191,A,,2015,,2
OECD.SDD.TPS:DSD_PRICES_COICOP2018@DF_PRICES_C2018_ALL(1.0),JPN,M,N,CPI,IX,CP01,N,_Z,2020-01,105.8979,A,,2015,,2
OECD.SDD.TPS:DSD_PRICES_COICOP2018@DF_PRICES_C2018_ALL(1.0),JPN,M,N,CPI,IX,CP01,N,_Z,2019-12,105.0516,A,,2015,,2
OECD.SDD.TPS:DSD_PRICES_COICOP2018@DF_PRICES_C2018_ALL(1.0),JPN,M,N,CPI,IX,CP01,N,_Z,2019-11,105.2632,A,,2015,,2
